Workbook

Sheet 10 elementos
B1: Resultados Pyphi | E1: GeoMIP | H1: Analisis de error y precision | J1: rendimiento temporal | K1: se calculo con respecto a pyphi
A2: Subsistema | B2: Particion | C2: Perdida | D2: Tiempo | E2: Particion5 | F2: Perdida6 | G2: Tiempo Total | H2: error relativo | I2: tasa de acierto | J2: speedup
A3: ABCDEFGHIJ_{t+1}|ABCDEFGHIJ_{t} | B3: [[['I'],['∅']],[['A','B','C','D','E','F','G','H','J'],['a','b','c','d','e','f','g','h','i','j']]] | C3: 0.472656 | D3: 109.19606 | E3: [[['I'],['∅']],[['A','B','C','D','E','F','G','H','J'],['a','b','c','d','e','f','g','h','i','j']]] | F3: 0.47265625 | G3: 0.25284004 | H3: =IF('10 elementos'!$C3=0, IF('10 elementos'!$F3=0, 0, "Indefinido"), ABS('10 elementos'!$C3-'10 elementos'!$F3)/'10 elementos'!$C3) -> 5.289259e-07 | I3: 1 | J3: ='10 elementos'!$D3/'10 elementos'!$G3 -> 431.87804
A4: ABCDEFGHIJ_{t+1}|ABCDEFGHI_{t} | B4: [[['G'], ['∅']], [['A','B','C','D','E','F','H','I','J'], ['a','b','c','d','e','f','g','h','i']]] | C4: 0.004883 | D4: 52.820366 | E4: [[['G'],['∅']],[['A','B','C','D','E','F','H','I','J'],['a','b','c','d','e','f','g','h','i']]] | F4: 0.0048828125 | G4: 0.13605738 | H4: =IF('10 elementos'!$C4=0, IF('10 elementos'!$F4=0, 0, "Indefinido"), ABS('10 elementos'!$C4-'10 elementos'!$F4)/'10 elementos'!$C4) -> 3.8398525e-05 | I4: 1 | J4: ='10 elementos'!$D4/'10 elementos'!$G4 -> 388.22126
A5: ABCDEFGHIJ_{t+1}|BCDEFGHIJ_{t} | B5: [[['G'], ['∅']], [['A','B','C','D','E','F','H','I','J'], ['b','c','d','e','f','g','h','i','j']]] | C5: 0.004883 | D5: 50.810333 | E5: [[['G'],['∅']],[['A','B','C','D','E','F','H','I','J'],['c','d','e','f','g','h','i','j']]] | F5: 0.0048828125 | G5: 0.13763261 | H5: =IF('10 elementos'!$C5=0, IF('10 elementos'!$F5=0, 0, "Indefinido"), ABS('10 elementos'!$C5-'10 elementos'!$F5)/'10 elementos'!$C5) -> 3.8398525e-05 | I5: 1 | J5: ='10 elementos'!$D5/'10 elementos'!$G5 -> 369.17365
A6: ABCDEFGHI_{t+1}|ABCDEFGHIJ_{t} | B6: [[['I'], ['∅']], [['A','B','C','D','E','F','G','H'], ['a','b','c','d','e','f','g','h','i','j']]] | C6: 0.472656 | D6: 57.439945 | E6: [[['I'],['∅']],[['A','B','C','D','E','F','G','H'],['a','b','c','d','e','f','g','h','i','j']]] | F6: 0.47265625 | G6: 0.24005461 | H6: =IF('10 elementos'!$C6=0, IF('10 elementos'!$F6=0, 0, "Indefinido"), ABS('10 elementos'!$C6-'10 elementos'!$F6)/'10 elementos'!$C6) -> 5.289259e-07 | I6: 1 | J6: ='10 elementos'!$D6/'10 elementos'!$G6 -> 239.27866
A7: BCDEFGHIJ_{t+1}|ABCDEFGHIJ_{t} | B7: [[['I'], ['∅']], [['B','C','D','E','F','G','H','J'], ['a','b','c','d','e','f','g','h','i','j']]] | C7: 0.472656 | D7: 45.450145 | E7: [[['I'],['∅']],[['B','C','D','E','F','G','H','J'],['a','b','c','d','e','f','g','h','i','j']]] | F7: 0.47265625 | G7: 0.29289031 | H7: =IF('10 elementos'!$C7=0, IF('10 elementos'!$F7=0, 0, "Indefinido"), ABS('10 elementos'!$C7-'10 elementos'!$F7)/'10 elementos'!$C7) -> 5.289259e-07 | I7: 1 | J7: ='10 elementos'!$D7/'10 elementos'!$G7 -> 155.17804
A8: ABCDEFGHIJ_{t+1}|BCDEFGHI_{t} | B8: [[['B'], ['∅']], [['A','C','D','E','F','G','H','I','J'], ['b','c','d','e','f','g','h','i']]] | C8: 0.011719 | D8: 25.113385 | E8: [[['H'],['∅']],[['A','B','C','D','E','F','G','I','J'],['c','d','e','f','g','h','i']]] | F8: 0.01171875 | G8: 0.076529264 | H8: =IF('10 elementos'!$C8=0, IF('10 elementos'!$F8=0, 0, "Indefinido"), ABS('10 elementos'!$C8-'10 elementos'!$F8)/'10 elementos'!$C8) -> 2.1332878e-05 | I8: 0 | J8: ='10 elementos'!$D8/'10 elementos'!$G8 -> 328.15401
A9: ABCDEFGHI_{t+1}|ABCDEFGHI_{t} | B9: [[['G'], ['∅']], [['A','B','C','D','E','F','H','I'], ['a','b','c','d','e','f','g','h','i']]] | C9: 0.004883 | D9: 24.022703 | E9: [[['G'],['∅']],[['A','B','C','D','E','F','H','I'],['a','b','c','d','e','f','g','h','i']]] | F9: 0.0048828125 | G9: 0.13067532 | H9: =IF('10 elementos'!$C9=0, IF('10 elementos'!$F9=0, 0, "Indefinido"), ABS('10 elementos'!$C9-'10 elementos'!$F9)/'10 elementos'!$C9) -> 3.8398525e-05 | I9: 1 | J9: ='10 elementos'!$D9/'10 elementos'!$G9 -> 183.83505
A10: ABCDEFGHI_{t+1}|BCDEFGHIJ_{t} | B10: [[['G'], ['∅']], [['A','B','C','D','E','F','H','I'], ['b','c','d','e','f','g','h','i','j']]] | C10: 0.004883 | D10: 22.773661 | E10: [[['G'],['∅']],[['A','B','C','D','E','F','H','I'],['c','d','e','f','g','h','i','j']]] | F10: 0.0048828125 | G10: 0.12130737 | H10: =IF('10 elementos'!$C10=0, IF('10 elementos'!$F10=0, 0, "Indefinido"), ABS('10 elementos'!$C10-'10 elementos'!$F10)/'10 elementos'!$C10) -> 3.8398525e-05 | I10: 1 | J10: ='10 elementos'!$D10/'10 elementos'!$G10 -> 187.73517
A11: BCDEFGHIJ_{t+1}|ABCDEFGHI_{t} | B11: [[['G'], ['∅']], [['B','C','D','E','F','H','I','J'], ['a','b','c','d','e','f','g','h','i']]] | C11: 0.004883 | D11: 22.967752 | E11: [[['G'],['∅']],[['B','C','D','E','F','H','I','J'],['a','b','c','d','e','f','g','h','i']]] | F11: 0.0048828125 | G11: 0.12152481 | H11: =IF('10 elementos'!$C11=0, IF('10 elementos'!$F11=0, 0, "Indefinido"), ABS('10 elementos'!$C11-'10 elementos'!$F11)/'10 elementos'!$C11) -> 3.8398525e-05 | I11: 1 | J11: ='10 elementos'!$D11/'10 elementos'!$G11 -> 188.99641
A12: BCDEFGHIJ_{t+1}|BCDEFGHIJ_{t} | B12: [[['G'], ['∅']], [['B','C','D','E','F','H','I','J'], ['b','c','d','e','f','g','h','i','j']]] | C12: 0.004883 | D12: 22.794874 | E12: [[['G'],['∅']],[['B','C','D','E','F','H','I','J'],['c','d','e','f','g','h','i','j']]] | F12: 0.0048828125 | G12: 0.12075472 | H12: =IF('10 elementos'!$C12=0, IF('10 elementos'!$F12=0, 0, "Indefinido"), ABS('10 elementos'!$C12-'10 elementos'!$F12)/'10 elementos'!$C12) -> 3.8398525e-05 | I12: 1 | J12: ='10 elementos'!$D12/'10 elementos'!$G12 -> 188.77005
A13: BCDEFGHI_{t+1}|ABCDEFGHIJ_{t} | B13: [[['I'], ['∅']], [['B','C','D','E','F','G','H'], ['a','b','c','d','e','f','g','h','i','j']]] | C13: 0.472656 | D13: 21.239982 | E13: [[['I'],['∅']],[['B','C','D','E','F','G','H'],['a','b','c','d','e','f','g','h','i','j']]] | F13: 0.47265625 | G13: 0.2058723 | H13: =IF('10 elementos'!$C13=0, IF('10 elementos'!$F13=0, 0, "Indefinido"), ABS('10 elementos'!$C13-'10 elementos'!$F13)/'10 elementos'!$C13) -> 5.289259e-07 | I13: 1 | J13: ='10 elementos'!$D13/'10 elementos'!$G13 -> 103.17067
A14: ABCDEFGHIJ_{t+1}|ABDEGHJ_{t} | B14: [[['J'], ['∅']], [['A','B','C','D','E','F','G','H','I'], ['a','b','d','e','g','h','j']]] | C14: 0.005859 | D14: 12.668935 | E14: [[['J'],['∅']],[['A','B','C','D','E','F','G','H','I'],['a','b','e','g','j']]] | F14: 0.005859375 | G14: 0.047006845 | H14: =IF('10 elementos'!$C14=0, IF('10 elementos'!$F14=0, 0, "Indefinido"), ABS('10 elementos'!$C14-'10 elementos'!$F14)/'10 elementos'!$C14) -> 6.4004096e-05 | I14: 1 | J14: ='10 elementos'!$D14/'10 elementos'!$G14 -> 269.51256
... A52: BDFHJ_{t+1}|BDFHJ_{t} | B52: [[['F'], ['∅']], [['B','D','H','J'], ['b','d','f','h','j']]] | C52: 0.024414 | D52: 0.12887454 | E52: [[['F'],['∅']],[['B','D','H','J'],['d','h']]] | F52: 0.024414062 | G52: 0.013553381 | H52: =IF('10 elementos'!$C52=0, IF('10 elementos'!$F52=0, 0, "Indefinido"), ABS('10 elementos'!$C52-'10 elementos'!$F52)/'10 elementos'!$C52) -> 2.5600066e-06 | I52: 1 | J52: ='10 elementos'!$D52/'10 elementos'!$G52 -> 9.5086636

Sheet 15A elementos
B1: Resultados Pyphi | E1: EstrategiaQ | H1: GeoMIP | K1: Analisis de error y precision | M1: rendimiento temporal
A2: Subsistema | B2: Particion | C2: Perdida | D2: Tiempo | E2: Particion5 | F2: Perdida6 | G2: Tiempo7 | H2: Particion5 | I2: Perdida6 | J2: Tiempo ejecución | K2: error relativo | L2: tasa de acierto | M2: speedup
A3: ABCDEFGHIJKLMNO_{t+1}|ABCDEFGHIJKLMNO_{t} | B3: [[['∅'], ['a']], [['A','B','C','D','E','F','G','H','I','J','K','L','M','N','O'], ['b','c','d','e','f','g','h','i','j','k','l','m','n','o']]] | C3: 0 | D3: 28.802977 | E3: [[['∅'], ['i']], [['A', 'B', 'C', 'D', 'E', 'F', 'G', 'H', 'I', 'J', 'K', 'L', 'M', 'N', 'O'], ['a', 'b', 'c', 'd', 'e', 'f', 'g', 'h', 'j', 'k', 'l', 'm', 'n', 'o']]] | F3: 0 | G3: 3.194104 | H3: [[['∅'],['o']],[['A','B','C','D','E','F','G','H','I','J','K','L','M','N','O'],['a','b','c','d','e','f','g','h','i','j','k','l','m','n']]] | I3: 0 | J3: 1.8886199 | K3: =IF('15A elementos'!$F3=0, IF('15A elementos'!$I3=0, 0, "Indefinido"), ABS('15A elementos'!$F3-'15A elementos'!$I3)/'15A elementos'!$F3) -> 0 | L3: 1 | M3: ='15A elementos'!$G3/'15A elementos'!$J3 -> 1.6912371
A4: ABCDEFGHIJKLMNO_{t+1}|ABCDEFGHIJKLMN_{t} | B4: [[['∅'], ['a']], [['A','B','C','D','E','F','G','H','I','J','K','L','M','N','O'], ['b','c','d','e','f','g','h','i','j','k','l','m','n']]] | C4: 0 | D4: 28.398227 | E4: [[['∅'], ['m']], [['A', 'B', 'C', 'D', 'E', 'F', 'G', 'H', 'I', 'J', 'K', 'L', 'M', 'N', 'O'], ['a', 'b', 'c', 'd', 'e', 'f', 'g', 'h', 'i', 'j', 'k', 'l', 'n']]] | F4: 0 | G4: 1.6307409 | H4: [[['∅'],['m']],[['A','B','C','D','E','F','G','H','I','J','K','L','M','N','O'],['a','b','c','d','e','f','g','h','i','j','k','l','n']]] | I4: 0 | J4: 0.11499238 | K4: =IF('15A elementos'!$F4=0, IF('15A elementos'!$I4=0, 0, "Indefinido"), ABS('15A elementos'!$F4-'15A elementos'!$I4)/'15A elementos'!$F4) -> 0 | L4: 1 | M4: ='15A elementos'!$G4/'15A elementos'!$J4 -> 14.181295
A5: ABCDEFGHIJKLMNO_{t+1}|BCDEFGHIJKLMNO_{t} | B5: [[['∅'], ['b']], [['A','B','C','D','E','F','G','H','I','J','K','L','M','N','O'], ['c','d','e','f','g','h','i','j','k','l','m','n','o']]] | C5: 0 | D5: 39.622645 | E5: [[['∅'], ['o']], [['A', 'B', 'C', 'D', 'E', 'F', 'G', 'H', 'I', 'J', 'K', 'L', 'M', 'N', 'O'], ['b', 'c', 'd', 'e', 'f', 'g', 'h', 'i', 'j', 'k', 'l', 'm', 'n']]] | F5: 0 | G5: 1.568455 | H5: [[['∅'],['o']],[['A','B','C','D','E','F','G','H','I','J','K','L','M','N','O'],['b','c','d','e','f','g','h','i','j','k','l','m','n']]] | I5: 0 | J5: 1.6970785 | K5: =IF('15A elementos'!$F5=0, IF('15A elementos'!$I5=0, 0, "Indefinido"), ABS('15A elementos'!$F5-'15A elementos'!$I5)/'15A elementos'!$F5) -> 0 | L5: 1 | M5: ='15A elementos'!$G5/'15A elementos'!$J5 -> 0.92420888
A6: ABCDEFGHIJKLMN_{t+1}|ABCDEFGHIJKLMNO_{t} | B6: [[['∅'], ['a']], [['A','B','C','D','E','F','G','H','I','J','K','L','M','N'], ['b','c','d','e','f','g','h','i','j','k','l','m','n','o']]] | C6: 0 | D6: 8.6746931 | E6: [[['∅'], ['o']], [['A', 'B', 'C', 'D', 'E', 'F', 'G', 'H', 'I', 'J', 'K', 'L', 'M', 'N'], ['a', 'b', 'c', 'd', 'e', 'f', 'g', 'h', 'i', 'j', 'k', 'l', 'm', 'n']]] | F6: 0 | G6: 1.6495843 | H6: [[['∅'],['o']],[['A','B','C','D','E','F','G','H','I','J','K','L','M','N'],['a','b','c','d','e','f','g','h','i','j','k','l','m','n']]] | I6: 0 | J6: 0.23936653 | K6: =IF('15A elementos'!$F6=0, IF('15A elementos'!$I6=0, 0, "Indefinido"), ABS('15A elementos'!$F6-'15A elementos'!$I6)/'15A elementos'!$F6) -> 0 | L6: 1 | M6: ='15A elementos'!$G6/'15A elementos'!$J6 -> 6.8914576
A7: BCDEFGHIJKLMNO_{t+1}|ABCDEFGHIJKLMNO_{t} | B7: [[['∅'], ['a']], [['B','C','D','E','F','G','H','I','J','K','L','M','N','O'], ['b','c','d','e','f','g','h','i','j','k','l','m','n','o']]] | C7: 0 | D7: 8.1382196 | E7: [[['∅'], ['o']], [['B', 'C', 'D', 'E', 'F', 'G', 'H', 'I', 'J', 'K', 'L', 'M', 'N', 'O'], ['a', 'b', 'c', 'd', 'e', 'f', 'g', 'h', 'i', 'j', 'k', 'l', 'm', 'n']]] | F7: 0 | G7: 1.4506099 | H7: [[['∅'],['o']],[['B','C','D','E','F','G','H','I','J','K','L','M','N','O'],['a','b','c','d','e','f','g','h','i','j','k','l','m','n']]] | I7: 0 | J7: 1.9122262 | K7: =IF('15A elementos'!$F7=0, IF('15A elementos'!$I7=0, 0, "Indefinido"), ABS('15A elementos'!$F7-'15A elementos'!$I7)/'15A elementos'!$F7) -> 0 | L7: 1 | M7: ='15A elementos'!$G7/'15A elementos'!$J7 -> 0.75859745
A8: ABCDEFGHIJKLMNO_{t+1}|BCDEFGHIJKLMN_{t} | B8: [[['∅'], ['b']], [['A','B','C','D','E','F','G','H','I','J','K','L','M','N','O'], ['c','d','e','f','g','h','i','j','k','l','m','n']]] | C8: 0 | D8: 54.567577 | E8: [[['∅'], ['g']], [['A', 'B', 'C', 'D', 'E', 'F', 'G', 'H', 'I', 'J', 'K', 'L', 'M', 'N', 'O'], ['b', 'c', 'd', 'e', 'f', 'h', 'i', 'j', 'k', 'l', 'm', 'n']]] | F8: 0 | G8: 0.97051144 | H8: [[['∅'],['g']],[['A','B','C','D','E','F','G','H','I','J','K','L','M','N','O'],['b','c','d','e','f','h','i','j','k','l','m','n']]] | I8: 0 | J8: 0.58646607 | K8: =IF('15A elementos'!$F8=0, IF('15A elementos'!$I8=0, 0, "Indefinido"), ABS('15A elementos'!$F8-'15A elementos'!$I8)/'15A elementos'!$F8) -> 0 | L8: 1 | M8: ='15A elementos'!$G8/'15A elementos'!$J8 -> 1.6548467
A9: ABCDEFGHIJKLMN_{t+1}|ABCDEFGHIJKLMN_{t} | B9: [[['∅'], ['a']], [['A','B','C','D','E','F','G','H','I','J','K','L','M','N'], ['b','c','d','e','f','g','h','i','j','k','l','m','n']]] | C9: 0 | D9: 9.1506529 | E9: [[['∅'], ['m']], [['A', 'B', 'C', 'D', 'E', 'F', 'G', 'H', 'I', 'J', 'K', 'L', 'M', 'N'], ['a', 'b', 'c', 'd', 'e', 'f', 'g', 'h', 'i', 'j', 'k', 'l', 'n']]] | F9: 0 | G9: 0.88901186 | H9: [[['∅'],['m']],[['A','B','C','D','E','F','G','H','I','J','K','L','M','N'],['a','b','c','d','e','f','g','h','i','j','k','l','n']]] | I9: 0 | J9: 1.7541485 | K9: =IF('15A elementos'!$F9=0, IF('15A elementos'!$I9=0, 0, "Indefinido"), ABS('15A elementos'!$F9-'15A elementos'!$I9)/'15A elementos'!$F9) -> 0 | L9: 1 | M9: ='15A elementos'!$G9/'15A elementos'!$J9 -> 0.50680536
A10: ABCDEFGHIJKLMN_{t+1}|BCDEFGHIJKLMNO_{t} | B10: [[['∅'], ['b']], [['A','B','C','D','E','F','G','H','I','J','K','L','M','N'], ['c','d','e','f','g','h','i','j','k','l','m','n','o']]] | C10: 0 | D10: 9.356909 | E10: [[['∅'], ['o']], [['A', 'B', 'C', 'D', 'E', 'F', 'G', 'H', 'I', 'J', 'K', 'L', 'M', 'N'], ['b', 'c', 'd', 'e', 'f', 'g', 'h', 'i', 'j', 'k', 'l', 'm', 'n']]] | F10: 0 | G10: 0.85712123 | H10: [[['∅'],['o']],[['A','B','C','D','E','F','G','H','I','J','K','L','M','N'],['b','c','d','e','f','g','h','i','j','k','l','m','n']]] | I10: 0 | J10: 0.11715221 | K10: =IF('15A elementos'!$F10=0, IF('15A elementos'!$I10=0, 0, "Indefinido"), ABS('15A elementos'!$F10-'15A elementos'!$I10)/'15A elementos'!$F10) -> 0 | L10: 1 | M10: ='15A elementos'!$G10/'15A elementos'!$J10 -> 7.3163041
A11: BCDEFGHIJKLMNO_{t+1}|ABCDEFGHIJKLMN_{t} | B11: [[['∅'], ['a']], [['B','C','D','E','F','G','H','I','J','K','L','M','N','O'], ['b','c','d','e','f','g','h','i','j','k','l','m','n']]] | C11: 0 | D11: 8.5821931 | E11: [[['∅'], ['m']], [['B', 'C', 'D', 'E', 'F', 'G', 'H', 'I', 'J', 'K', 'L', 'M', 'N', 'O'], ['a', 'b', 'c', 'd', 'e', 'f', 'g', 'h', 'i', 'j', 'k', 'l', 'n']]] | F11: 0 | G11: 0.94633245 | H11: [[['∅'],['m']],[['B','C','D','E','F','G','H','I','J','K','L','M','N','O'],['a','b','c','d','e','f','g','h','i','j','k','l','n']]] | I11: 0 | J11: 1.6832728 | K11: =IF('15A elementos'!$F11=0, IF('15A elementos'!$I11=0, 0, "Indefinido"), ABS('15A elementos'!$F11-'15A elementos'!$I11)/'15A elementos'!$F11) -> 0 | L11: 1 | M11: ='15A elementos'!$G11/'15A elementos'!$J11 -> 0.5621979
A12: BCDEFGHIJKLMNO_{t+1}|BCDEFGHIJKLMNO_{t} | B12: [[['∅'], ['b']], [['B','C','D','E','F','G','H','I','J','K','L','M','N','O'], ['c','d','e','f','g','h','i','j','k','l','m','n','o']]] | C12: 0 | D12: 9.036088 | E12: [[['∅'], ['o']], [['B', 'C', 'D', 'E', 'F', 'G', 'H', 'I', 'J', 'K', 'L', 'M', 'N', 'O'], ['b', 'c', 'd', 'e', 'f', 'g', 'h', 'i', 'j', 'k', 'l', 'm', 'n']]] | F12: 0 | G12: 0.42462492 | H12: [[['∅'],['o']],[['B','C','D','E','F','G','H','I','J','K','L','M','N','O'],['b','c','d','e','f','g','h','i','j','k','l','m','n']]] | I12: 0 | J12: 0.11944103 | K12: =IF('15A elementos'!$F12=0, IF('15A elementos'!$I12=0, 0, "Indefinido"), ABS('15A elementos'!$F12-'15A elementos'!$I12)/'15A elementos'!$F12) -> 0 | L12: 1 | M12: ='15A elementos'!$G12/'15A elementos'!$J12 -> 3.5551009
A13: BCDEFGHIJKLMN_{t+1}|ABCDEFGHIJKLMNO_{t} | B13: [[['∅'], ['a']], [['B','C','D','E','F','G','H','I','J','K','L','M','N'], ['b','c','d','e','f','g','h','i','j','k','l','m','n','o']]] | C13: 0 | D13: 3.4997115 | E13: [[['∅'], ['o']], [['B', 'C', 'D', 'E', 'F', 'G', 'H', 'I', 'J', 'K', 'L', 'M', 'N'], ['a', 'b', 'c', 'd', 'e', 'f', 'g', 'h', 'i', 'j', 'k', 'l', 'm', 'n']]] | F13: 0 | G13: 0.52708483 | H13: [[['∅'],['o']],[['B','C','D','E','F','G','H','I','J','K','L','M','N'],['a','b','c','d','e','f','g','h','i','j','k','l','m','n']]] | I13: 0 | J13: 1.8496244 | K13: =IF('15A elementos'!$F13=0, IF('15A elementos'!$I13=0, 0, "Indefinido"), ABS('15A elementos'!$F13-'15A elementos'!$I13)/'15A elementos'!$F13) -> 0 | L13: 1 | M13: ='15A elementos'!$G13/'15A elementos'!$J13 -> 0.28496857
A14: ABCDEFGHIJKLMN_{t+1}|BCDEFGHIJKLMN_{t} | B14: [[['∅'], ['b']], [['A','B','C','D','E','F','G','H','I','J','K','L','M','N'], ['c','d','e','f','g','h','i','j','k','l','m','n']]] | C14: 0 | D14: 10.115054 | E14: [[['∅'], ['g']], [['A', 'B', 'C', 'D', 'E', 'F', 'G', 'H', 'I', 'J', 'K', 'L', 'M', 'N'], ['b', 'c', 'd', 'e', 'f', 'h', 'i', 'j', 'k', 'l', 'm', 'n']]] | F14: 0 | G14: 0.69706297 | H14: [[['∅'],['g']],[['A','B','C','D','E','F','G','H','I','J','K','L','M','N'],['b','c','d','e','f','h','i','j','k','l','m','n']]] | I14: 0 | J14: 0.58417487 | K14: =IF('15A elementos'!$F14=0, IF('15A elementos'!$I14=0, 0, "Indefinido"), ABS('15A elementos'!$F14-'15A elementos'!$I14)/'15A elementos'!$F14) -> 0 | L14: 1 | M14: ='15A elementos'!$G14/'15A elementos'!$J14 -> 1.1932437
... A19: BCDEFGJKLMNO_{t+1}|BCDEFGHIJKLMNO_{t} | B19: [[['∅'], ['b']], [['B','C','D','E','F','G','J','K','L','M','N','O'], ['c','d','e','f','g','h','i','j','k','l','m','n','o']]] | C19: 0 | D19: 71.45602 | E19: [[['∅'], ['o']], [['B', 'C', 'D', 'E', 'F', 'G', 'J', 'K', 'L', 'M', 'N', 'O'], ['b', 'c', 'd', 'e', 'f', 'g', 'h', 'i', 'j', 'k', 'l', 'm', 'n']]] | F19: 0 | G19: 0.42889261 | H19: [[['∅'],['o']],[['B','C','D','E','F','G','J','K','L','M','N','O'],['b','c','d','e','f','g','h','i','j','k','l','m','n']]] | I19: 0 | J19: 1.6592803 | K19: =IF('15A elementos'!$F19=0, IF('15A elementos'!$I19=0, 0, "Indefinido"), ABS('15A elementos'!$F19-'15A elementos'!$I19)/'15A elementos'!$F19) -> 0 | L19: 1 | M19: ='15A elementos'!$G19/'15A elementos'!$J19 -> 0.25848111
A20: ABCDEFGHIJKLMNO_{t+1}|ABDEGHJKMN_{t} | E20: [[['O'], ['∅']], [['A', 'B', 'C', 'D', 'E', 'F', 'G', 'H', 'I', 'J', 'K', 'L', 'M', 'N'], ['a', 'b', 'd', 'e', 'g', 'h', 'j', 'k', 'm', 'n']]] | F20: 4.7147274e-05 | G20: 0.52439451 | H20: [[['O'],['∅']],[['A','B','C','D','E','F','G','H','I','J','K','L','M','N'],['a','b','e','g','j','k','n']]] | I20: 4.7147274e-05 | J20: 0.48621321 | K20: =IF('15A elementos'!$F20=0, IF('15A elementos'!$I20=0, 0, "Indefinido"), ABS('15A elementos'!$F20-'15A elementos'!$I20)/'15A elementos'!$F20) -> 4.3117638e-16 | L20: 1 | M20: ='15A elementos'!$G20/'15A elementos'!$J20 -> 1.0785279
A21: ABDEGHJKMN_{t+1}|ABCDEFGHIJKLMNO_{t} | B21: [[['∅'], ['a']], [['A','B','D','E','G','H','J','K','M','N'], ['b','c','d','e','f','g','h','i','j','k','l','m','n','o']]] | C21: 0 | D21: 9.7167048 | E21: [[['∅'], ['o']], [['A', 'B', 'D', 'E', 'G', 'H', 'J', 'K', 'M', 'N'], ['a', 'b', 'c', 'd', 'e', 'f', 'g', 'h', 'i', 'j', 'k', 'l', 'm', 'n']]] | F21: 0 | G21: 0.63509297 | H21: [[['∅'],['o']],[['A','B','D','E','G','H','J','K','M','N'],['a','b','c','d','e','f','g','h','i','j','k','l','m','n']]] | I21: 0 | J21: 1.7608535 | K21: =IF('15A elementos'!$F21=0, IF('15A elementos'!$I21=0, 0, "Indefinido"), ABS('15A elementos'!$F21-'15A elementos'!$I21)/'15A elementos'!$F21) -> 0 | L21: 1 | M21: ='15A elementos'!$G21/'15A elementos'!$J21 -> 0.36067337
A22: ABCDEFGHIJKLMN_{t+1}|ABDEGHJKMN_{t} | E22: [[['N'], ['∅']], [['A', 'B', 'C', 'D', 'E', 'F', 'G', 'H', 'I', 'J', 'K', 'L', 'M'], ['a', 'b', 'd', 'e', 'g', 'h', 'j', 'k', 'm', 'n']]] | F22: 0.0013378263 | G22: 0.18634677 | H22: [[['N'],['∅']],[['A','B','C','D','E','F','G','H','I','J','K','L','M'],['a','b','e','g','j','k','n']]] | I22: 0.0013378263 | J22: 0.49222517 | K22: =IF('15A elementos'!$F22=0, IF('15A elementos'!$I22=0, 0, "Indefinido"), ABS('15A elementos'!$F22-'15A elementos'!$I22)/'15A elementos'!$F22) -> 2.2691781e-15 | L22: 1 | M22: ='15A elementos'!$G22/'15A elementos'!$J22 -> 0.37858033
A23: BCDEFGHIJKLMNO_{t+1}|ABDEGHJKMN_{t} | E23: [[['O'], ['∅']], [['B', 'C', 'D', 'E', 'F', 'G', 'H', 'I', 'J', 'K', 'L', 'M', 'N'], ['a', 'b', 'd', 'e', 'g', 'h', 'j', 'k', 'm', 'n']]] | F23: 4.7147274e-05 | G23: 0.22196913 | H23: [[['O'],['∅']],[['B','C','D','E','F','G','H','I','J','K','L','M','N'],['a','b','e','g','j','k','n']]] | I23: 4.7147274e-05 | J23: 2.1477294 | K23: =IF('15A elementos'!$F23=0, IF('15A elementos'!$I23=0, 0, "Indefinido"), ABS('15A elementos'!$F23-'15A elementos'!$I23)/'15A elementos'!$F23) -> 4.3117638e-16 | L23: 1 | M23: ='15A elementos'!$G23/'15A elementos'!$J23 -> 0.1033506
A24: ABDEGHJKMN_{t+1}|ABCDEFGHIJKLMN_{t} | B24: [[['∅'], ['a']], [['A','B','D','E','G','H','J','K','M','N'], ['b','c','d','e','f','g','h','i','j','k','l','m','n']]] | C24: 0 | D24: 9.6454239 | E24: [[['∅'], ['g']], [['A', 'B', 'D', 'E', 'G', 'H', 'J', 'K', 'M', 'N'], ['a', 'b', 'c', 'd', 'e', 'f', 'h', 'i', 'j', 'k', 'l', 'm', 'n']]] | F24: 0 | G24: 0.52536273 | H24: [[['∅'],['m']],[['A','B','D','E','G','H','J','K','M','N'],['a','b','c','d','e','f','g','h','i','j','k','l','n']]] | I24: 0 | J24: 0.095818043 | K24: =IF('15A elementos'!$F24=0, IF('15A elementos'!$I24=0, 0, "Indefinido"), ABS('15A elementos'!$F24-'15A elementos'!$I24)/'15A elementos'!$F24) -> 0 | L24: 0 | M24: ='15A elementos'!$G24/'15A elementos'!$J24 -> 5.4829207
A25: ABDEGHJKMN_{t+1}|BCDEFGHIJKLMNO_{t} | B25: [[['∅'], ['b']], [['A','B','D','E','G','H','J','K','M','N'], ['c','d','e','f','g','h','i','j','k','l','m','n','o']]] | C25: 0 | D25: 10.052286 | E25: [[['∅'], ['o']], [['A', 'B', 'D', 'E', 'G', 'H', 'J', 'K', 'M', 'N'], ['b', 'c', 'd', 'e', 'f', 'g', 'h', 'i', 'j', 'k', 'l', 'm', 'n']]] | F25: 0 | G25: 0.38019419 | H25: [[['∅'],['o']],[['A','B','D','E','G','H','J','K','M','N'],['b','c','d','e','f','g','h','i','j','k','l','m','n']]] | I25: 0 | J25: 1.6353416 | K25: =IF('15A elementos'!$F25=0, IF('15A elementos'!$I25=0, 0, "Indefinido"), ABS('15A elementos'!$F25-'15A elementos'!$I25)/'15A elementos'!$F25) -> 0 | L25: 1 | M25: ='15A elementos'!$G25/'15A elementos'!$J25 -> 0.23248609
A26: ABCDEFGHIJKLMNO_{t+1}|ACEGIKMO_{t} | E26: [[['L'], ['∅']], [['A', 'B', 'C', 'D', 'E', 'F', 'G', 'H', 'I', 'J', 'K', 'M', 'N', 'O'], ['a', 'c', 'e', 'g', 'i', 'k', 'm', 'o']]] | F26: 0.0041897893 | G26: 0.34896326 | H26: [[['L'],['∅']],[['A','B','C','D','E','F','G','H','I','J','K','M','N','O'],['a','e','i','m']]] | I26: 0.0041897893 | J26: 0.47688818 | K26: =IF('15A elementos'!$F26=0, IF('15A elementos'!$I26=0, 0, "Indefinido"), ABS('15A elementos'!$F26-'15A elementos'!$I26)/'15A elementos'!$F26) -> 8.2807194e-16 | L26: 1 | M26: ='15A elementos'!$G26/'15A elementos'!$J26 -> 0.7317507
A27: BCDEFGHIJKLMN_{t+1}|ABDEGHJKMN_{t} | E27: [[['N'], ['∅']], [['B', 'C', 'D', 'E', 'F', 'G', 'H', 'I', 'J', 'K', 'L', 'M'], ['a', 'b', 'd', 'e', 'g', 'h', 'j', 'k', 'm', 'n']]] | F27: 0.0013378263 | G27: 0.16513538 | H27: [[['N'],['∅']],[['B','C','D','E','F','G','H','I','J','K','L','M'],['a','b','e','g','j','k','n']]] | I27: 0.0013378263 | J27: 0.51998758 | K27: =IF('15A elementos'!$F27=0, IF('15A elementos'!$I27=0, 0, "Indefinido"), ABS('15A elementos'!$F27-'15A elementos'!$I27)/'15A elementos'!$F27) -> 2.2691781e-15 | L27: 1 | M27: ='15A elementos'!$G27/'15A elementos'!$J27 -> 0.31757563
A28: ACEGIKMO_{t+1}|ABCDEFGHIJKLMNO_{t} | B28: [[['∅'], ['a']], [['A','C','E','G','I','K','M','O'], ['b','c','d','e','f','g','h','i','j','k','l','m','n','o']]] | C28: 0 | D28: 2.8380947 | E28: [[['∅'], ['i']], [['A', 'C', 'E', 'G', 'I', 'K', 'M', 'O'], ['a', 'b', 'c', 'd', 'e', 'f', 'g', 'h', 'j', 'k', 'l', 'm', 'n', 'o']]] | F28: 0 | G28: 0.23332548 | H28: [[['∅'],['o']],[['A','C','E','G','I','K','M','O'],['a','b','c','d','e','f','g','h','i','j','k','l','m','n']]] | I28: 0 | J28: 0.1774857 | K28: =IF('15A elementos'!$F28=0, IF('15A elementos'!$I28=0, 0, "Indefinido"), ABS('15A elementos'!$F28-'15A elementos'!$I28)/'15A elementos'!$F28) -> 0 | L28: 0 | M28: ='15A elementos'!$G28/'15A elementos'!$J28 -> 1.3146156
A29: ABDEGHJKMN_{t+1}|BCDEFGHIJKLMN_{t} | B29: [[['∅'], ['b']], [['A','B','D','E','G','H','J','K','M','N'], ['c','d','e','f','g','h','i','j','k','l','m','n']]] | C29: 0 | D29: 10.445736 | E29: [[['∅'], ['g']], [['A', 'B', 'D', 'E', 'G', 'H', 'J', 'K', 'M', 'N'], ['b', 'c', 'd', 'e', 'f', 'h', 'i', 'j', 'k', 'l', 'm', 'n']]] | F29: 0 | G29: 0.43327785 | H29: [[['∅'],['g']],[['A','B','D','E','G','H','J','K','M','N'],['b','c','d','e','f','h','i','j','k','l','m','n']]] | I29: 0 | J29: 0.5893929 | K29: =IF('15A elementos'!$F29=0, IF('15A elementos'!$I29=0, 0, "Indefinido"), ABS('15A elementos'!$F29-'15A elementos'!$I29)/'15A elementos'!$F29) -> 0 | L29: 1 | M29: ='15A elementos'!$G29/'15A elementos'!$J29 -> 0.73512566
A30: ABCDEFGHIJKLMNO_{t+1}|BDFHJLN_{t} | E30: [[['G'], ['∅']], [['A', 'B', 'C', 'D', 'E', 'F', 'H', 'I', 'J', 'K', 'L', 'M', 'N', 'O'], ['b', 'd', 'f', 'h', 'j', 'l', 'n']]] | F30: 0.0070973635 | G30: 0.3359859 | H30: [[['E'],['∅']],[['A','B','C','D','F','G','H','I','J','K','L','M','N','O'],['d','h','l']]] | I30: 0.0072056651 | J30: 0.4651382 | K30: =IF('15A elementos'!$F30=0, IF('15A elementos'!$I30=0, 0, "Indefinido"), ABS('15A elementos'!$F30-'15A elementos'!$I30)/'15A elementos'!$F30) -> 0.015259419 | L30: 0 | M30: ='15A elementos'!$G30/'15A elementos'!$J30 -> 0.72233564
A31: ABCDEFGHIJKLMN_{t+1}|ACEGIKMO_{t} | E31: [[['L'], ['∅']], [['A', 'B', 'C', 'D', 'E', 'F', 'G', 'H', 'I', 'J', 'K', 'M', 'N'], ['a', 'c', 'e', 'g', 'i', 'k', 'm', 'o']]] | F31: 0.0041897893 | G31: 0.19053721 | H31: [[['L'],['∅']],[['A','B','C','D','E','F','G','H','I','J','K','M','N'],['a','e','i','m']]] | I31: 0.0041897893 | J31: 0.50172043 | K31: =IF('15A elementos'!$F31=0, IF('15A elementos'!$I31=0, 0, "Indefinido"), ABS('15A elementos'!$F31-'15A elementos'!$I31)/'15A elementos'!$F31) -> 8.2807194e-16 | L31: 1 | M31: ='15A elementos'!$G31/'15A elementos'!$J31 -> 0.3797677
A32: BCDEFGHIJKLMNO_{t+1}|ACEGIKMO_{t} | E32: [[['L'], ['∅']], [['B', 'C', 'D', 'E', 'F', 'G', 'H', 'I', 'J', 'K', 'M', 'N', 'O'], ['a', 'c', 'e', 'g', 'i', 'k', 'm', 'o']]] | F32: 0.0041897893 | G32: 0.18016958 | H32: [[['L'],['∅']],[['B','C','D','E','F','G','H','I','J','K','M','N','O'],['a','e','i','m']]] | I32: 0.0041897893 | J32: 0.019664526 | K32: =IF('15A elementos'!$F32=0, IF('15A elementos'!$I32=0, 0, "Indefinido"), ABS('15A elementos'!$F32-'15A elementos'!$I32)/'15A elementos'!$F32) -> 8.2807194e-16 | L32: 0 | M32: ='15A elementos'!$G32/'15A elementos'!$J32 -> 9.1621625
A33: ACEGIKMO_{t+1}|ABCDEFGHIJKLMN_{t} | B33: [[['∅'], ['a']], [['A','C','E','G','I','K','M','O'], ['b','c','d','e','f','g','h','i','j','k','l','m','n']]] | C33: 0 | D33: 2.8799107 | E33: [[['∅'], ['g']], [['A', 'C', 'E', 'G', 'I', 'K', 'M', 'O'], ['a', 'b', 'c', 'd', 'e', 'f', 'h', 'i', 'j', 'k', 'l', 'm', 'n']]] | F33: 0 | G33: 0.55452061 | H33: [[['∅'],['m']],[['A','C','E','G','I','K','M','O'],['a','b','c','d','e','f','g','h','i','j','k','l','n']]] | I33: 0 | J33: 0.089427948 | K33: =IF('15A elementos'!$F33=0, IF('15A elementos'!$I33=0, 0, "Indefinido"), ABS('15A elementos'!$F33-'15A elementos'!$I33)/'15A elementos'!$F33) -> 0 | L33: 1 | M33: ='15A elementos'!$G33/'15A elementos'!$J33 -> 6.2007529
A34: ACEGIKMO_{t+1}|BCDEFGHIJKLMNO_{t} | B34: [[['∅'], ['b']], [['A','C','E','G','I','K','M','O'], ['c','d','e','f','g','h','i','j','k','l','m','n','o']]] | C34: 0 | D34: 3.0614157 | E34: [[['∅'], ['o']], [['A', 'C', 'E', 'G', 'I', 'K', 'M', 'O'], ['b', 'c', 'd', 'e', 'f', 'g', 'h', 'i', 'j', 'k', 'l', 'm', 'n']]] | F34: 0 | G34: 0.32070971 | H34: [[['∅'],['o']],[['A','C','E','G','I','K','M','O'],['b','c','d','e','f','g','h','i','j','k','l','m','n']]] | I34: 0 | J34: 0.09041357 | K34: =IF('15A elementos'!$F34=0, IF('15A elementos'!$I34=0, 0, "Indefinido"), ABS('15A elementos'!$F34-'15A elementos'!$I34)/'15A elementos'!$F34) -> 0 | L34: 0 | M34: ='15A elementos'!$G34/'15A elementos'!$J34 -> 3.5471413
A35: BDFHJLN_{t+1}|ABCDEFGHIJKLMNO_{t} | B35: [[['∅'], ['a']], [['B','D','F','H','J','L','N'], ['b','c','d','e','f','g','h','i','j','k','l','m','n','o']]] | C35: 0 | D35: 2.5502007 | E35: [[['∅'], ['i']], [['B', 'D', 'F', 'H', 'J', 'L', 'N'], ['a', 'b', 'c', 'd', 'e', 'f', 'g', 'h', 'j', 'k', 'l', 'm', 'n', 'o']]] | F35: 0 | G35: 0.18429708 | H35: [[['∅'],['o']],[['B','D','F','H','J','L','N'],['a','b','c','d','e','f','g','h','i','j','k','l','m','n']]] | I35: 0 | J35: 0.16971087 | K35: =IF('15A elementos'!$F35=0, IF('15A elementos'!$I35=0, 0, "Indefinido"), ABS('15A elementos'!$F35-'15A elementos'!$I35)/'15A elementos'!$F35) -> 0 | L35: 0 | M35: ='15A elementos'!$G35/'15A elementos'!$J35 -> 1.0859474
A36: ABCDEFGHIJKLMN_{t+1}|BDFHJLN_{t} | E36: [[['G'], ['∅']], [['A', 'B', 'C', 'D', 'E', 'F', 'H', 'I', 'J', 'K', 'L', 'M', 'N'], ['b', 'd', 'f', 'h', 'j', 'l', 'n']]] | F36: 0.0070973635 | G36: 0.1929009 | H36: [[['E'],['∅']],[['A','B','C','D','F','G','H','I','J','K','L','M','N'],['d','h','l']]] | I36: 0.0072056651 | J36: 0.37964702 | K36: =IF('15A elementos'!$F36=0, IF('15A elementos'!$I36=0, 0, "Indefinido"), ABS('15A elementos'!$F36-'15A elementos'!$I36)/'15A elementos'!$F36) -> 0.015259419 | L36: 0 | M36: ='15A elementos'!$G36/'15A elementos'!$J36 -> 0.50810592
A37: BCDEFGHIJKLMNO_{t+1}|BDFHJLN_{t} | E37: [[['G'], ['∅']], [['B', 'C', 'D', 'E', 'F', 'H', 'I', 'J', 'K', 'L', 'M', 'N', 'O'], ['b', 'd', 'f', 'h', 'j', 'l', 'n']]] | F37: 0.0070973635 | G37: 0.19927883 | H37: [[['E'],['∅']],[['B','C','D','F','G','H','I','J','K','L','M','N','O'],['d','h','l']]] | I37: 0.0072056651 | J37: 0.5145514 | K37: =IF('15A elementos'!$F37=0, IF('15A elementos'!$I37=0, 0, "Indefinido"), ABS('15A elementos'!$F37-'15A elementos'!$I37)/'15A elementos'!$F37) -> 0.015259419 | L37: 1 | M37: ='15A elementos'!$G37/'15A elementos'!$J37 -> 0.38728654
A38: BCDEFGHIJKLMN_{t+1}|ACEGIKMO_{t} | E38: [[['L'], ['∅']], [['B', 'C', 'D', 'E', 'F', 'G', 'H', 'I', 'J', 'K', 'M', 'N'], ['a', 'c', 'e', 'g', 'i', 'k', 'm', 'o']]] | F38: 0.0041897893 | G38: 0.16062665 | H38: [[['L'],['∅']],[['B','C','D','E','F','G','H','I','J','K','M','N'],['a','e','i','m']]] | I38: 0.0041897893 | J38: 0.35796595 | K38: =IF('15A elementos'!$F38=0, IF('15A elementos'!$I38=0, 0, "Indefinido"), ABS('15A elementos'!$F38-'15A elementos'!$I38)/'15A elementos'!$F38) -> 8.2807194e-16 | L38: 1 | M38: ='15A elementos'!$G38/'15A elementos'!$J38 -> 0.44872048
A39: ACEGIKMO_{t+1}|BCDEFGHIJKLMN_{t} | B39: [[['∅'], ['b']], [['A','C','E','G','I','K','M','O'], ['c','d','e','f','g','h','i','j','k','l','m','n']]] | C39: 0 | D39: 3.1781836 | E39: [[['∅'], ['g']], [['A', 'C', 'E', 'G', 'I', 'K', 'M', 'O'], ['b', 'c', 'd', 'e', 'f', 'h', 'i', 'j', 'k', 'l', 'm', 'n']]] | F39: 0 | G39: 0.33545589 | H39: [[['∅'],['g']],[['A','C','E','G','I','K','M','O'],['b','c','d','e','f','h','i','j','k','l','m','n']]] | I39: 0 | J39: 0.5790379 | K39: =IF('15A elementos'!$F39=0, IF('15A elementos'!$I39=0, 0, "Indefinido"), ABS('15A elementos'!$F39-'15A elementos'!$I39)/'15A elementos'!$F39) -> 0 | L39: 0 | M39: ='15A elementos'!$G39/'15A elementos'!$J39 -> 0.57933322
A40: BDFHJLN_{t+1}|ABCDEFGHIJKLMN_{t} | B40: [[['∅'], ['a']], [['B','D','F','H','J','L','N'], ['b','c','d','e','f','g','h','i','j','k','l','m','n']]] | C40: 0 | D40: 2.7478979 | E40: [[['∅'], ['g']], [['B', 'D', 'F', 'H', 'J', 'L', 'N'], ['a', 'b', 'c', 'd', 'e', 'f', 'h', 'i', 'j', 'k', 'l', 'm', 'n']]] | F40: 0 | G40: 0.36375523 | H40: [[['∅'],['m']],[['B','D','F','H','J','L','N'],['a','b','c','d','e','f','g','h','i','j','k','l','n']]] | I40: 0 | J40: 0.078887463 | K40: =IF('15A elementos'!$F40=0, IF('15A elementos'!$I40=0, 0, "Indefinido"), ABS('15A elementos'!$F40-'15A elementos'!$I40)/'15A elementos'!$F40) -> 0 | L40: 0 | M40: ='15A elementos'!$G40/'15A elementos'!$J40 -> 4.6110651
A41: BDFHJLN_{t+1}|BCDEFGHIJKLMNO_{t} | B41: [[['∅'], ['b']], [['B','D','F','H','J','L','N'], ['c','d','e','f','g','h','i','j','k','l','m','n','o']]] | C41: 0 | D41: 2.6484423 | E41: [[['∅'], ['o']], [['B', 'D', 'F', 'H', 'J', 'L', 'N'], ['b', 'c', 'd', 'e', 'f', 'g', 'h', 'i', 'j', 'k', 'l', 'm', 'n']]] | F41: 0 | G41: 0.20614672 | H41: [[['∅'],['o']],[['B','D','F','H','J','L','N'],['b','c','d','e','f','g','h','i','j','k','l','m','n']]] | I41: 0 | J41: 0.081706047 | K41: =IF('15A elementos'!$F41=0, IF('15A elementos'!$I41=0, 0, "Indefinido"), ABS('15A elementos'!$F41-'15A elementos'!$I41)/'15A elementos'!$F41) -> 0 | L41: 1 | M41: ='15A elementos'!$G41/'15A elementos'!$J41 -> 2.5230289
A42: BCDEFGHIJKLMN_{t+1}|BDFHJLN_{t} | E42: [[['G'], ['∅']], [['B', 'C', 'D', 'E', 'F', 'H', 'I', 'J', 'K', 'L', 'M', 'N'], ['b', 'd', 'f', 'h', 'j', 'l', 'n']]] | F42: 0.0070973635 | G42: 0.14544654 | H42: [[['E'],['∅']],[['B','C','D','F','G','H','I','J','K','L','M','N'],['d','h','l']]] | I42: 0.0072056651 | J42: 0.45584035 | K42: =IF('15A elementos'!$F42=0, IF('15A elementos'!$I42=0, 0, "Indefinido"), ABS('15A elementos'!$F42-'15A elementos'!$I42)/'15A elementos'!$F42) -> 0.015259419 | L42: 1 | M42: ='15A elementos'!$G42/'15A elementos'!$J42 -> 0.31907342
A43: BDFHJLN_{t+1}|BCDEFGHIJKLMN_{t} | B43: [[['∅'], ['b']], [['B','D','F','H','J','L','N'], ['c','d','e','f','g','h','i','j','k','l','m','n']]] | C43: 0 | D43: 3.1360073 | E43: [[['∅'], ['g']], [['B', 'D', 'F', 'H', 'J', 'L', 'N'], ['b', 'c', 'd', 'e', 'f', 'h', 'i', 'j', 'k', 'l', 'm', 'n']]] | F43: 0 | G43: 0.28363752 | H43: [[['∅'],['g']],[['B','D','F','H','J','L','N'],['b','c','d','e','f','h','i','j','k','l','m','n']]] | I43: 0 | J43: 0.075541735 | K43: =IF('15A elementos'!$F43=0, IF('15A elementos'!$I43=0, 0, "Indefinido"), ABS('15A elementos'!$F43-'15A elementos'!$I43)/'15A elementos'!$F43) -> 0 | L43: 1 | M43: ='15A elementos'!$G43/'15A elementos'!$J43 -> 3.7547129
A44: ABDEGHJKMN_{t+1}|ABDEGHJKMN_{t} | B44: [[['N'], ['∅']], [['A','B','D','E','G','H','J','K','M'], ['a','b','d','e','g','h','j','k','m','n']]] | C44: 0.001338 | D44: 129.84961 | E44: [[['N'], ['∅']], [['A', 'B', 'D', 'E', 'G', 'H', 'J', 'K', 'M'], ['a', 'b', 'd', 'e', 'g', 'h', 'j', 'k', 'm', 'n']]] | F44: 0.0013378263 | G44: 0.21704936 | H44: [[['N'],['∅']],[['A','B','D','E','G','H','J','K','M'],['a','b','e','g','j','k','n']]] | I44: 0.0013378263 | J44: 0.47032547 | K44: =IF('15A elementos'!$F44=0, IF('15A elementos'!$I44=0, 0, "Indefinido"), ABS('15A elementos'!$F44-'15A elementos'!$I44)/'15A elementos'!$F44) -> 2.2691781e-15 | L44: 1 | M44: ='15A elementos'!$G44/'15A elementos'!$J44 -> 0.46148757
A45: ACEGIKMO_{t+1}|ABDEGHJKMN_{t} | B45: [[['O'], ['∅']], [['A','C','E','G','I','K','M'], ['a','b','d','e','g','h','j','k','m','n']]] | C45: 4.7e-05 | D45: 61.491529 | E45: [[['O'], ['∅']], [['A', 'C', 'E', 'G', 'I', 'K', 'M'], ['a', 'b', 'd', 'e', 'g', 'h', 'j', 'k', 'm', 'n']]] | F45: 4.7147274e-05 | G45: 0.15759373 | H45: [[['O'],['∅']],[['A','C','E','G','I','K','M'],['a','b','e','g','j','k','n']]] | I45: 4.7147274e-05 | J45: 0.033982515 | K45: =IF('15A elementos'!$F45=0, IF('15A elementos'!$I45=0, 0, "Indefinido"), ABS('15A elementos'!$F45-'15A elementos'!$I45)/'15A elementos'!$F45) -> 4.3117638e-16 | L45: 1 | M45: ='15A elementos'!$G45/'15A elementos'!$J45 -> 4.6374945
A46: ABDEGHJKMN_{t+1}|ACEGIKMO_{t} | B46: [[['D'], ['∅']], [['A','B','E','G','H','J','K','M','N'], ['a','c','e','g','i','k','m','o']]] | C46: 0.005786 | D46: 30.732898 | E46: [[['E'], ['∅']], [['A', 'B', 'D', 'G', 'H', 'J', 'K', 'M', 'N'], ['a', 'c', 'e', 'g', 'i', 'k', 'm', 'o']]] | F46: 0.0043781996 | G46: 0.09526515 | H46: [[['E'],['∅']],[['A','B','D','G','H','J','K','M','N'],['a','e','i','m']]] | I46: 0.0043781996 | J46: 0.43795466 | K46: =IF('15A elementos'!$F46=0, IF('15A elementos'!$I46=0, 0, "Indefinido"), ABS('15A elementos'!$F46-'15A elementos'!$I46)/'15A elementos'!$F46) -> 5.9432768e-16 | L46: 1 | M46: ='15A elementos'!$G46/'15A elementos'!$J46 -> 0.21752286
A47: BDFHJLN_{t+1}|ABDEGHJKMN_{t} | B47: [[['N'], ['∅']], [['B','D','F','H','J','L'], ['a','b','d','e','g','h','j','k','m','n']]] | C47: 0.001338 | D47: 54.801819 | E47: [[['N'], ['∅']], [['B', 'D', 'F', 'H', 'J', 'L'], ['a', 'b', 'd', 'e', 'g', 'h', 'j', 'k', 'm', 'n']]] | F47: 0.0013378263 | G47: 0.08024168 | H47: [[['N'],['∅']],[['B','D','F','H','J','L'],['a','b','e','g','j','k','n']]] | I47: 0.0013378263 | J47: 0.5625248 | K47: =IF('15A elementos'!$F47=0, IF('15A elementos'!$I47=0, 0, "Indefinido"), ABS('15A elementos'!$F47-'15A elementos'!$I47)/'15A elementos'!$F47) -> 2.2691781e-15 | L47: 1 | M47: ='15A elementos'!$G47/'15A elementos'!$J47 -> 0.14264559
A48: ABDEGHJKMN_{t+1}|BDFHJLN_{t} | B48: [[['G'], ['∅']], [['A','B','D','E','H','J','K','M','N'], ['b','d','f','h','j','l','n']]] | C48: 0.007097 | D48: 16.281038 | E48: [[['G'], ['∅']], [['A', 'B', 'D', 'E', 'H', 'J', 'K', 'M', 'N'], ['b', 'd', 'f', 'h', 'j', 'l', 'n']]] | F48: 0.0070973635 | G48: 0.095386267 | H48: [[['G'],['∅']],[['A','B','D','E','H','J','K','M','N'],['d','h','l']]] | I48: 0.0070973635 | J48: 0.33099365 | K48: =IF('15A elementos'!$F48=0, IF('15A elementos'!$I48=0, 0, "Indefinido"), ABS('15A elementos'!$F48-'15A elementos'!$I48)/'15A elementos'!$F48) -> 4.8883603e-16 | L48: 1 | M48: ='15A elementos'!$G48/'15A elementos'!$J48 -> 0.28818156
A49: ACEGIKMO_{t+1}|ACEGIKMO_{t} | B49: [[['O'], ['∅']], [['A','C','E','G','I','K','M'], ['a','c','e','g','i','k','m','o']]] | C49: 0.005358 | D49: 20.910348 | E49: [[['E'], ['∅']], [['A', 'C', 'G', 'I', 'K', 'M', 'O'], ['a', 'c', 'e', 'g', 'i', 'k', 'm', 'o']]] | F49: 0.0053575039 | G49: 0.097743511 | H49: [[['E'],['∅']],[['A','C','G','I','K','M','O'],['a','e','i','m']]] | I49: 0.0043781996 | J49: 0.55325794 | K49: =IF('15A elementos'!$F49=0, IF('15A elementos'!$I49=0, 0, "Indefinido"), ABS('15A elementos'!$F49-'15A elementos'!$I49)/'15A elementos'!$F49) -> 0.18279115 | L49: 1 | M49: ='15A elementos'!$G49/'15A elementos'!$J49 -> 0.17666897
A50: ACEGIKMO_{t+1}|BDFHJLN_{t} | B50: [[['G'], ['∅']], [['A','C','E','I','K','M','O'], ['b','d','f','h','j','l','n']]] | C50: 0.007097 | D50: 9.2441244 | E50: [[['G'], ['∅']], [['A', 'C', 'E', 'I', 'K', 'M', 'O'], ['b', 'd', 'f', 'h', 'j', 'l', 'n']]] | F50: 0.0070973635 | G50: 0.066367149 | H50: [[['G'],['∅']],[['A','C','E','I','K','M','O'],['d','h','l']]] | I50: 0.0070973635 | J50: 0.32682037 | K50: =IF('15A elementos'!$F50=0, IF('15A elementos'!$I50=0, 0, "Indefinido"), ABS('15A elementos'!$F50-'15A elementos'!$I50)/'15A elementos'!$F50) -> 4.8883603e-16 | L50: 1 | M50: ='15A elementos'!$G50/'15A elementos'!$J50 -> 0.20306919
A51: BDFHJLN_{t+1}|ACEGIKMO_{t} | B51: [[['L'], ['∅']], [['B','D','F','H','J','N'], ['a','c','e','g','i','k','m','o']]] | C51: 0.00419 | D51: 11.546637 | E51: [[['L'], ['∅']], [['B', 'D', 'F', 'H', 'J', 'N'], ['a', 'c', 'e', 'g', 'i', 'k', 'm', 'o']]] | F51: 0.0041897893 | G51: 0.054100275 | H51: [[['L'],['∅']],[['B','D','F','H','J','N'],['a','e','i','m']]] | I51: 0.0041897893 | J51: 0.44590139 | K51: =IF('15A elementos'!$F51=0, IF('15A elementos'!$I51=0, 0, "Indefinido"), ABS('15A elementos'!$F51-'15A elementos'!$I51)/'15A elementos'!$F51) -> 8.2807194e-16 | L51: 1 | M51: ='15A elementos'!$G51/'15A elementos'!$J51 -> 0.12132789
A52: BDFHJLN_{t+1}|BDFHJLN_{t} | B52: [[['N'], ['∅']], [['B','D','F','H','J','L'], ['b','d','f','h','j','l','n']]] | C52: 0.008794 | D52: 8.1579585 | E52: [[['N'], ['∅']], [['B', 'D', 'F', 'H', 'J', 'L'], ['b', 'd', 'f', 'h', 'j', 'l', 'n']]] | F52: 0.0087940693 | G52: 0.062068462 | H52: [[['N'],['∅']],[['B','D','F','H','J','L'],['d','h','l']]] | I52: 0.0087940693 | J52: 0.30757809 | K52: =IF('15A elementos'!$F52=0, IF('15A elementos'!$I52=0, 0, "Indefinido"), ABS('15A elementos'!$F52-'15A elementos'!$I52)/'15A elementos'!$F52) -> 3.9452122e-16 | L52: 1 | M52: ='15A elementos'!$G52/'15A elementos'!$J52 -> 0.20179741
K53: =SUM('15A elementos'!$K$3:$K$52)/50 -> 0.0048765765 | L53: =SUM('15A elementos'!$L$3:$L$52)/50 -> 0.8 | M53: =SUM('15A elementos'!$M$3:$M$52)/50 -> 1.9090866

Sheet 15B elementos
B1: Resultados Pyphi | E1: EstrategiaQ | H1: GeoMIP | K1: Analisis de error y precision | M1: rendimiento temporal
A2: Subsistema | B2: Particion | C2: Perdida | D2: Tiempo | E2: Particion5 | F2: Perdida6 | G2: Tiempo7 | H2: Particion5 | I2: Perdida6 | J2: Tiempo ejecución | K2: error relativo | L2: tasa de acierto2 | M2: speedup
A3: ABCDEFGHIJKLMNO_{t+1}|ABCDEFGHIJKLMNO_{t} | B3: [[['∅'], ['a']], [['A', 'B', 'C', 'D', 'E', 'F', 'G', 'H', 'I', 'J', 'K', 'L', 'M', 'N', 'O'], ['b', 'c', 'd', 'e', 'f', 'g', 'h', 'i', 'j', 'k', 'l', 'm', 'n', 'o']]] | C3: 0 | D3: 34.428434 | E3: [[['∅'], ['o']], [['A', 'B', 'C', 'D', 'E', 'F', 'G', 'H', 'I', 'J', 'K', 'L', 'M', 'N', 'O'], ['a', 'b', 'c', 'd', 'e', 'f', 'g', 'h', 'i', 'j', 'k', 'l', 'm', 'n']]] | F3: 0 | G3: 2.8741245 | H3: [[['∅'],['o']],[['A','B','C','D','E','F','G','H','I','J','K','L','M','N','O'],['a','b','c','d','e','f','g','h','i','j','k','l','m','n']]] | I3: 0 | J3: 1.8886199 | K3: =IF('15B elementos'!$F3=0, IF('15B elementos'!$I3=0, 0, "Indefinido"), ABS('15B elementos'!$F3-'15B elementos'!$I3)/'15B elementos'!$F3) -> 0 | L3: 1 | M3: ='15B elementos'!$G3/'15B elementos'!$J3 -> 1.5218121
A4: ABCDEFGHIJKLMNO_{t+1}|ABCDEFGHIJKLMN_{t} | B4: [[['∅'], ['a']], [['A', 'B', 'C', 'D', 'E', 'F', 'G', 'H', 'I', 'J', 'K', 'L', 'M', 'N', 'O'], ['b', 'c', 'd', 'e', 'f', 'g', 'h', 'i', 'j', 'k', 'l', 'm', 'n']]] | C4: 0 | D4: 47.741694 | E4: [[['∅'], ['l']], [['A', 'B', 'C', 'D', 'E', 'F', 'G', 'H', 'I', 'J', 'K', 'L', 'M', 'N', 'O'], ['a', 'b', 'c', 'd', 'e', 'f', 'g', 'h', 'i', 'j', 'k', 'm', 'n']]] | F4: 0 | G4: 1.763633 | H4: [[['∅'],['m']],[['A','B','C','D','E','F','G','H','I','J','K','L','M','N','O'],['a','b','c','d','e','f','g','h','i','j','k','l','n']]] | I4: 0 | J4: 0.11499238 | K4: =IF('15B elementos'!$F4=0, IF('15B elementos'!$I4=0, 0, "Indefinido"), ABS('15B elementos'!$F4-'15B elementos'!$I4)/'15B elementos'!$F4) -> 0 | L4: 0 | M4: ='15B elementos'!$G4/'15B elementos'!$J4 -> 15.336955
A5: ABCDEFGHIJKLMNO_{t+1}|BCDEFGHIJKLMNO_{t} | B5: [[['∅'], ['b']], [['A', 'B', 'C', 'D', 'E', 'F', 'G', 'H', 'I', 'J', 'K', 'L', 'M', 'N', 'O'], ['c', 'd', 'e', 'f', 'g', 'h', 'i', 'j', 'k', 'l', 'm', 'n', 'o']]] | C5: 0 | D5: 87.462926 | E5: [[['∅'], ['o']], [['A', 'B', 'C', 'D', 'E', 'F', 'G', 'H', 'I', 'J', 'K', 'L', 'M', 'N', 'O'], ['b', 'c', 'd', 'e', 'f', 'g', 'h', 'i', 'j', 'k', 'l', 'm', 'n']]] | F5: 0 | G5: 1.1910405 | H5: [[['∅'],['o']],[['A','B','C','D','E','F','G','H','I','J','K','L','M','N','O'],['b','c','d','e','f','g','h','i','j','k','l','m','n']]] | I5: 0 | J5: 1.6970785 | K5: =IF('15B elementos'!$F5=0, IF('15B elementos'!$I5=0, 0, "Indefinido"), ABS('15B elementos'!$F5-'15B elementos'!$I5)/'15B elementos'!$F5) -> 0 | L5: 1 | M5: ='15B elementos'!$G5/'15B elementos'!$J5 -> 0.70181818
A6: ABCDEFGHIJKLMN_{t+1}|ABCDEFGHIJKLMNO_{t} | B6: [[['∅'], ['a']], [['A', 'B', 'C', 'D', 'E', 'F', 'G', 'H', 'I', 'J', 'K', 'L', 'M', 'N'], ['b', 'c', 'd', 'e', 'f', 'g', 'h', 'i', 'j', 'k', 'l', 'm', 'n', 'o']]] | C6: 0 | D6: 10.973039 | E6: [[['∅'], ['o']], [['A', 'B', 'C', 'D', 'E', 'F', 'G', 'H', 'I', 'J', 'K', 'L', 'M', 'N'], ['a', 'b', 'c', 'd', 'e', 'f', 'g', 'h', 'i', 'j', 'k', 'l', 'm', 'n']]] | F6: 0 | G6: 0.43097782 | H6: [[['∅'],['o']],[['A','B','C','D','E','F','G','H','I','J','K','L','M','N'],['a','b','c','d','e','f','g','h','i','j','k','l','m','n']]] | I6: 0 | J6: 0.23936653 | K6: =IF('15B elementos'!$F6=0, IF('15B elementos'!$I6=0, 0, "Indefinido"), ABS('15B elementos'!$F6-'15B elementos'!$I6)/'15B elementos'!$F6) -> 0 | L6: 1 | M6: ='15B elementos'!$G6/'15B elementos'!$J6 -> 1.8004932
A7: BCDEFGHIJKLMNO_{t+1}|ABCDEFGHIJKLMNO_{t} | B7: [[['∅'], ['a']], [['B', 'C', 'D', 'E', 'F', 'G', 'H', 'I', 'J', 'K', 'L', 'M', 'N', 'O'], ['b', 'c', 'd', 'e', 'f', 'g', 'h', 'i', 'j', 'k', 'l', 'm', 'n', 'o']]] | C7: 0 | D7: 82.683896 | E7: [[['∅'], ['o']], [['B', 'C', 'D', 'E', 'F', 'G', 'H', 'I', 'J', 'K', 'L', 'M', 'N', 'O'], ['a', 'b', 'c', 'd', 'e', 'f', 'g', 'h', 'i', 'j', 'k', 'l', 'm', 'n']]] | F7: 0 | G7: 0.50125217 | H7: [[['∅'],['o']],[['B','C','D','E','F','G','H','I','J','K','L','M','N','O'],['a','b','c','d','e','f','g','h','i','j','k','l','m','n']]] | I7: 0 | J7: 1.9122262 | K7: =IF('15B elementos'!$F7=0, IF('15B elementos'!$I7=0, 0, "Indefinido"), ABS('15B elementos'!$F7-'15B elementos'!$I7)/'15B elementos'!$F7) -> 0 | L7: 1 | M7: ='15B elementos'!$G7/'15B elementos'!$J7 -> 0.26213017
A8: ABCDEFGHIJKLMNO_{t+1}|BCDEFGHIJKLMN_{t} | B8: [[['∅'], ['b']], [['A', 'B', 'C', 'D', 'E', 'F', 'G', 'H', 'I', 'J', 'K', 'L', 'M', 'N', 'O'], ['c', 'd', 'e', 'f', 'g', 'h', 'i', 'j', 'k', 'l', 'm', 'n']]] | C8: 0 | D8: 117.27852 | E8: [[['∅'], ['n']], [['A', 'B', 'C', 'D', 'E', 'F', 'G', 'H', 'I', 'J', 'K', 'L', 'M', 'N', 'O'], ['b', 'c', 'd', 'e', 'f', 'g', 'h', 'i', 'j', 'k', 'l', 'm']]] | F8: 0 | G8: 1.0145364 | H8: [[['∅'],['g']],[['A','B','C','D','E','F','G','H','I','J','K','L','M','N','O'],['b','c','d','e','f','h','i','j','k','l','m','n']]] | I8: 0 | J8: 0.58646607 | K8: =IF('15B elementos'!$F8=0, IF('15B elementos'!$I8=0, 0, "Indefinido"), ABS('15B elementos'!$F8-'15B elementos'!$I8)/'15B elementos'!$F8) -> 0 | L8: 0 | M8: ='15B elementos'!$G8/'15B elementos'!$J8 -> 1.7299149
A9: ABCDEFGHIJKLMN_{t+1}|ABCDEFGHIJKLMN_{t} | B9: [[['∅'], ['a']], [['A', 'B', 'C', 'D', 'E', 'F', 'G', 'H', 'I', 'J', 'K', 'L', 'M', 'N'], ['b', 'c', 'd', 'e', 'f', 'g', 'h', 'i', 'j', 'k', 'l', 'm', 'n']]] | C9: 0 | D9: 11.723634 | E9: [[['∅'], ['l']], [['A', 'B', 'C', 'D', 'E', 'F', 'G', 'H', 'I', 'J', 'K', 'L', 'M', 'N'], ['a', 'b', 'c', 'd', 'e', 'f', 'g', 'h', 'i', 'j', 'k', 'm', 'n']]] | F9: 0 | G9: 0.45981932 | H9: [[['∅'],['m']],[['A','B','C','D','E','F','G','H','I','J','K','L','M','N'],['a','b','c','d','e','f','g','h','i','j','k','l','n']]] | I9: 0 | J9: 1.7541485 | K9: =IF('15B elementos'!$F9=0, IF('15B elementos'!$I9=0, 0, "Indefinido"), ABS('15B elementos'!$F9-'15B elementos'!$I9)/'15B elementos'!$F9) -> 0 | L9: 0 | M9: ='15B elementos'!$G9/'15B elementos'!$J9 -> 0.26213249
A10: ABCDEFGHIJKLMN_{t+1}|BCDEFGHIJKLMNO_{t} | B10: [[['∅'], ['b']], [['A', 'B', 'C', 'D', 'E', 'F', 'G', 'H', 'I', 'J', 'K', 'L', 'M', 'N'], ['c', 'd', 'e', 'f', 'g', 'h', 'i', 'j', 'k', 'l', 'm', 'n', 'o']]] | C10: 0 | D10: 12.985172 | E10: [[['∅'], ['m']], [['A', 'B', 'C', 'D', 'E', 'F', 'G', 'H', 'I', 'J', 'K', 'L', 'M', 'N'], ['b', 'c', 'd', 'e', 'f', 'g', 'h', 'i', 'j', 'k', 'l', 'n', 'o']]] | F10: 0 | G10: 0.67040944 | H10: [[['∅'],['o']],[['A','B','C','D','E','F','G','H','I','J','K','L','M','N'],['b','c','d','e','f','g','h','i','j','k','l','m','n']]] | I10: 0 | J10: 0.11715221 | K10: =IF('15B elementos'!$F10=0, IF('15B elementos'!$I10=0, 0, "Indefinido"), ABS('15B elementos'!$F10-'15B elementos'!$I10)/'15B elementos'!$F10) -> 0 | L10: 0 | M10: ='15B elementos'!$G10/'15B elementos'!$J10 -> 5.7225503
A11: BCDEFGHIJKLMNO_{t+1}|ABCDEFGHIJKLMN_{t} | B11: [[['∅'], ['a']], [['B', 'C', 'D', 'E', 'F', 'G', 'H', 'I', 'J', 'K', 'L', 'M', 'N', 'O'], ['b', 'c', 'd', 'e', 'f', 'g', 'h', 'i', 'j', 'k', 'l', 'm', 'n']]] | C11: 0 | D11: 116.12531 | E11: [[['∅'], ['l']], [['B', 'C', 'D', 'E', 'F', 'G', 'H', 'I', 'J', 'K', 'L', 'M', 'N', 'O'], ['a', 'b', 'c', 'd', 'e', 'f', 'g', 'h', 'i', 'j', 'k', 'm', 'n']]] | F11: 0 | G11: 0.42214394 | H11: [[['∅'],['m']],[['B','C','D','E','F','G','H','I','J','K','L','M','N','O'],['a','b','c','d','e','f','g','h','i','j','k','l','n']]] | I11: 0 | J11: 1.6832728 | K11: =IF('15B elementos'!$F11=0, IF('15B elementos'!$I11=0, 0, "Indefinido"), ABS('15B elementos'!$F11-'15B elementos'!$I11)/'15B elementos'!$F11) -> 0 | L11: 0 | M11: ='15B elementos'!$G11/'15B elementos'!$J11 -> 0.25078759
A12: BCDEFGHIJKLMNO_{t+1}|BCDEFGHIJKLMNO_{t} | B12: [[['∅'], ['b']], [['B', 'C', 'D', 'E', 'F', 'G', 'H', 'I', 'J', 'K', 'L', 'M', 'N', 'O'], ['c', 'd', 'e', 'f', 'g', 'h', 'i', 'j', 'k', 'l', 'm', 'n', 'o']]] | C12: 0 | D12: 138.62408 | E12: [[['∅'], ['n']], [['B', 'C', 'D', 'E', 'F', 'G', 'H', 'I', 'J', 'K', 'L', 'M', 'N', 'O'], ['b', 'c', 'd', 'e', 'f', 'g', 'h', 'i', 'j', 'k', 'l', 'm', 'o']]] | F12: 0 | G12: 0.47676158 | H12: [[['∅'],['o']],[['B','C','D','E','F','G','H','I','J','K','L','M','N','O'],['b','c','d','e','f','g','h','i','j','k','l','m','n']]] | I12: 0 | J12: 0.11944103 | K12: =IF('15B elementos'!$F12=0, IF('15B elementos'!$I12=0, 0, "Indefinido"), ABS('15B elementos'!$F12-'15B elementos'!$I12)/'15B elementos'!$F12) -> 0 | L12: 0 | M12: ='15B elementos'!$G12/'15B elementos'!$J12 -> 3.9916063
A13: BCDEFGHIJKLMN_{t+1}|ABCDEFGHIJKLMNO_{t} | B13: [[['∅'], ['a']], [['B', 'C', 'D', 'E', 'F', 'G', 'H', 'I', 'J', 'K', 'L', 'M', 'N'], ['b', 'c', 'd', 'e', 'f', 'g', 'h', 'i', 'j', 'k', 'l', 'm', 'n', 'o']]] | C13: 0 | D13: 11.07549 | E13: [[['∅'], ['o']], [['B', 'C', 'D', 'E', 'F', 'G', 'H', 'I', 'J', 'K', 'L', 'M', 'N'], ['a', 'b', 'c', 'd', 'e', 'f', 'g', 'h', 'i', 'j', 'k', 'l', 'm', 'n']]] | F13: 0 | G13: 0.38063312 | H13: [[['∅'],['o']],[['B','C','D','E','F','G','H','I','J','K','L','M','N'],['a','b','c','d','e','f','g','h','i','j','k','l','m','n']]] | I13: 0 | J13: 1.8496244 | K13: =IF('15B elementos'!$F13=0, IF('15B elementos'!$I13=0, 0, "Indefinido"), ABS('15B elementos'!$F13-'15B elementos'!$I13)/'15B elementos'!$F13) -> 0 | L13: 1 | M13: ='15B elementos'!$G13/'15B elementos'!$J13 -> 0.20578941
A14: ABCDEFGHIJKLMN_{t+1}|BCDEFGHIJKLMN_{t} | B14: [[['∅'], ['b']], [['A', 'B', 'C', 'D', 'E', 'F', 'G', 'H', 'I', 'J', 'K', 'L', 'M', 'N'], ['c', 'd', 'e', 'f', 'g', 'h', 'i', 'j', 'k', 'l', 'm', 'n']]] | C14: 0 | D14: 13.975117 | E14: [[['∅'], ['n']], [['A', 'B', 'C', 'D', 'E', 'F', 'G', 'H', 'I', 'J', 'K', 'L', 'M', 'N'], ['b', 'c', 'd', 'e', 'f', 'g', 'h', 'i', 'j', 'k', 'l', 'm']]] | F14: 0 | G14: 0.40865302 | H14: [[['∅'],['g']],[['A','B','C','D','E','F','G','H','I','J','K','L','M','N'],['b','c','d','e','f','h','i','j','k','l','m','n']]] | I14: 0 | J14: 0.58417487 | K14: =IF('15B elementos'!$F14=0, IF('15B elementos'!$I14=0, 0, "Indefinido"), ABS('15B elementos'!$F14-'15B elementos'!$I14)/'15B elementos'!$F14) -> 0 | L14: 0 | M14: ='15B elementos'!$G14/'15B elementos'!$J14 -> 0.69953886
... A19: BCDEFGJKLMNO_{t+1}|BCDEFGHIJKLMNO_{t} | B19: [[['∅'], ['b']], [['B', 'C', 'D', 'E', 'F', 'G', 'J', 'K', 'L', 'M', 'N', 'O'], ['c', 'd', 'e', 'f', 'g', 'h', 'i', 'j', 'k', 'l', 'm', 'n', 'o']]] | C19: 0 | D19: 2.0651617 | E19: [[['∅'], ['m']], [['B', 'C', 'D', 'E', 'F', 'G', 'J', 'K', 'L', 'M', 'N', 'O'], ['b', 'c', 'd', 'e', 'f', 'g', 'h', 'i', 'j', 'k', 'l', 'n', 'o']]] | F19: 0 | G19: 0.33267546 | H19: [[['∅'],['o']],[['B','C','D','E','F','G','J','K','L','M','N','O'],['b','c','d','e','f','g','h','i','j','k','l','m','n']]] | I19: 0 | J19: 1.6592803 | K19: =IF('15B elementos'!$F19=0, IF('15B elementos'!$I19=0, 0, "Indefinido"), ABS('15B elementos'!$F19-'15B elementos'!$I19)/'15B elementos'!$F19) -> 0 | L19: 0 | M19: ='15B elementos'!$G19/'15B elementos'!$J19 -> 0.20049383
A20: ABCDEFGHIJKLMNO_{t+1}|ABDEGHJKMN_{t} | E20: [[['D'], ['∅']], [['A', 'B', 'C', 'E', 'F', 'G', 'H', 'I', 'J', 'K', 'L', 'M', 'N', 'O'], ['a', 'b', 'd', 'e', 'g', 'h', 'j', 'k', 'm', 'n']]] | F20: 0.00076055527 | G20: 0.50369191 | H20: [[['O'],['∅']],[['A','B','C','D','E','F','G','H','I','J','K','L','M','N'],['a','b','e','g','j','k','n']]] | I20: 4.7147274e-05 | J20: 0.48621321 | K20: =IF('15B elementos'!$F20=0, IF('15B elementos'!$I20=0, 0, "Indefinido"), ABS('15B elementos'!$F20-'15B elementos'!$I20)/'15B elementos'!$F20) -> 0.9380094 | L20: 0 | M20: ='15B elementos'!$G20/'15B elementos'!$J20 -> 1.0359486
A21: ABDEGHJKMN_{t+1}|ABCDEFGHIJKLMNO_{t} | B21: [[['∅'], ['a']], [['A', 'B', 'D', 'E', 'G', 'H', 'J', 'K', 'M', 'N'], ['b', 'c', 'd', 'e', 'f', 'g', 'h', 'i', 'j', 'k', 'l', 'm', 'n', 'o']]] | C21: 0 | D21: 1.0048969 | E21: [[['∅'], ['n']], [['A', 'B', 'D', 'E', 'G', 'H', 'J', 'K', 'M', 'N'], ['a', 'b', 'c', 'd', 'e', 'f', 'g', 'h', 'i', 'j', 'k', 'l', 'm', 'o']]] | F21: 0 | G21: 0.88586402 | H21: [[['∅'],['o']],[['A','B','D','E','G','H','J','K','M','N'],['a','b','c','d','e','f','g','h','i','j','k','l','m','n']]] | I21: 0 | J21: 1.7608535 | K21: =IF('15B elementos'!$F21=0, IF('15B elementos'!$I21=0, 0, "Indefinido"), ABS('15B elementos'!$F21-'15B elementos'!$I21)/'15B elementos'!$F21) -> 0 | L21: 0 | M21: ='15B elementos'!$G21/'15B elementos'!$J21 -> 0.50308785
A22: ABCDEFGHIJKLMN_{t+1}|ABDEGHJKMN_{t} | E22: [[['D'], ['∅']], [['A', 'B', 'C', 'E', 'F', 'G', 'H', 'I', 'J', 'K', 'L', 'M', 'N'], ['a', 'b', 'd', 'e', 'g', 'h', 'j', 'k', 'm', 'n']]] | F22: 0.00076055527 | G22: 0.26035523 | H22: [[['N'],['∅']],[['A','B','C','D','E','F','G','H','I','J','K','L','M'],['a','b','e','g','j','k','n']]] | I22: 0.0013378263 | J22: 0.49222517 | K22: =IF('15B elementos'!$F22=0, IF('15B elementos'!$I22=0, 0, "Indefinido"), ABS('15B elementos'!$F22-'15B elementos'!$I22)/'15B elementos'!$F22) -> 0.75901254 | L22: 0 | M22: ='15B elementos'!$G22/'15B elementos'!$J22 -> 0.52893523
A23: BCDEFGHIJKLMNO_{t+1}|ABDEGHJKMN_{t} | E23: [[['D'], ['∅']], [['B', 'C', 'E', 'F', 'G', 'H', 'I', 'J', 'K', 'L', 'M', 'N', 'O'], ['a', 'b', 'd', 'e', 'g', 'h', 'j', 'k', 'm', 'n']]] | F23: 0.00076055527 | G23: 0.23150015 | H23: [[['O'],['∅']],[['B','C','D','E','F','G','H','I','J','K','L','M','N'],['a','b','e','g','j','k','n']]] | I23: 4.7147274e-05 | J23: 2.1477294 | K23: =IF('15B elementos'!$F23=0, IF('15B elementos'!$I23=0, 0, "Indefinido"), ABS('15B elementos'!$F23-'15B elementos'!$I23)/'15B elementos'!$F23) -> 0.9380094 | L23: 0 | M23: ='15B elementos'!$G23/'15B elementos'!$J23 -> 0.10778832
A24: ABDEGHJKMN_{t+1}|ABCDEFGHIJKLMN_{t} | B24: [[['∅'], ['a']], [['A', 'B', 'D', 'E', 'G', 'H', 'J', 'K', 'M', 'N'], ['b', 'c', 'd', 'e', 'f', 'g', 'h', 'i', 'j', 'k', 'l', 'm', 'n']]] | C24: 0 | D24: 0.89385247 | E24: [[['∅'], ['l']], [['A', 'B', 'D', 'E', 'G', 'H', 'J', 'K', 'M', 'N'], ['a', 'b', 'c', 'd', 'e', 'f', 'g', 'h', 'i', 'j', 'k', 'm', 'n']]] | F24: 0 | G24: 0.33225679 | H24: [[['∅'],['m']],[['A','B','D','E','G','H','J','K','M','N'],['a','b','c','d','e','f','g','h','i','j','k','l','n']]] | I24: 0 | J24: 0.095818043 | K24: =IF('15B elementos'!$F24=0, IF('15B elementos'!$I24=0, 0, "Indefinido"), ABS('15B elementos'!$F24-'15B elementos'!$I24)/'15B elementos'!$F24) -> 0 | L24: 0 | M24: ='15B elementos'!$G24/'15B elementos'!$J24 -> 3.4675807
A25: ABDEGHJKMN_{t+1}|BCDEFGHIJKLMNO_{t} | B25: [[['∅'], ['b']], [['A', 'B', 'D', 'E', 'G', 'H', 'J', 'K', 'M', 'N'], ['c', 'd', 'e', 'f', 'g', 'h', 'i', 'j', 'k', 'l', 'm', 'n', 'o']]] | C25: 0 | D25: 0.84216714 | E25: [[['∅'], ['o']], [['A', 'B', 'D', 'E', 'G', 'H', 'J', 'K', 'M', 'N'], ['b', 'c', 'd', 'e', 'f', 'g', 'h', 'i', 'j', 'k', 'l', 'm', 'n']]] | F25: 0 | G25: 0.36576629 | H25: [[['∅'],['o']],[['A','B','D','E','G','H','J','K','M','N'],['b','c','d','e','f','g','h','i','j','k','l','m','n']]] | I25: 0 | J25: 1.6353416 | K25: =IF('15B elementos'!$F25=0, IF('15B elementos'!$I25=0, 0, "Indefinido"), ABS('15B elementos'!$F25-'15B elementos'!$I25)/'15B elementos'!$F25) -> 0 | L25: 1 | M25: ='15B elementos'!$G25/'15B elementos'!$J25 -> 0.22366353
A26: ABCDEFGHIJKLMNO_{t+1}|ACEGIKMO_{t} | E26: [[['N'], ['∅']], [['A', 'B', 'C', 'D', 'E', 'F', 'G', 'H', 'I', 'J', 'K', 'L', 'M', 'O'], ['a', 'c', 'e', 'g', 'i', 'k', 'm', 'o']]] | F26: 9.9778175e-05 | G26: 0.34602213 | H26: [[['L'],['∅']],[['A','B','C','D','E','F','G','H','I','J','K','M','N','O'],['a','e','i','m']]] | I26: 0.0041897893 | J26: 0.47688818 | K26: =IF('15B elementos'!$F26=0, IF('15B elementos'!$I26=0, 0, "Indefinido"), ABS('15B elementos'!$F26-'15B elementos'!$I26)/'15B elementos'!$F26) -> 40.991039 | L26: 0 | M26: ='15B elementos'!$G26/'15B elementos'!$J26 -> 0.72558336
A27: BCDEFGHIJKLMN_{t+1}|ABDEGHJKMN_{t} | E27: [[['D'], ['∅']], [['B', 'C', 'E', 'F', 'G', 'H', 'I', 'J', 'K', 'L', 'M', 'N'], ['a', 'b', 'd', 'e', 'g', 'h', 'j', 'k', 'm', 'n']]] | F27: 0.00076055527 | G27: 0.17557979 | H27: [[['N'],['∅']],[['B','C','D','E','F','G','H','I','J','K','L','M'],['a','b','e','g','j','k','n']]] | I27: 0.0013378263 | J27: 0.51998758 | K27: =IF('15B elementos'!$F27=0, IF('15B elementos'!$I27=0, 0, "Indefinido"), ABS('15B elementos'!$F27-'15B elementos'!$I27)/'15B elementos'!$F27) -> 0.75901254 | L27: 0 | M27: ='15B elementos'!$G27/'15B elementos'!$J27 -> 0.3376615
A28: ACEGIKMO_{t+1}|ABCDEFGHIJKLMNO_{t} | B28: [[['∅'], ['a']], [['A', 'C', 'E', 'G', 'I', 'K', 'M', 'O'], ['b', 'c', 'd', 'e', 'f', 'g', 'h', 'i', 'j', 'k', 'l', 'm', 'n', 'o']]] | C28: 0 | D28: 6.8858573 | E28: [[['∅'], ['n']], [['A', 'C', 'E', 'G', 'I', 'K', 'M', 'O'], ['a', 'b', 'c', 'd', 'e', 'f', 'g', 'h', 'i', 'j', 'k', 'l', 'm', 'o']]] | F28: 0 | G28: 0.46815586 | H28: [[['∅'],['o']],[['A','C','E','G','I','K','M','O'],['a','b','c','d','e','f','g','h','i','j','k','l','m','n']]] | I28: 0 | J28: 0.1774857 | K28: =IF('15B elementos'!$F28=0, IF('15B elementos'!$I28=0, 0, "Indefinido"), ABS('15B elementos'!$F28-'15B elementos'!$I28)/'15B elementos'!$F28) -> 0 | L28: 0 | M28: ='15B elementos'!$G28/'15B elementos'!$J28 -> 2.6377102
A29: ABDEGHJKMN_{t+1}|BCDEFGHIJKLMN_{t} | B29: [[['∅'], ['b']], [['A', 'B', 'D', 'E', 'G', 'H', 'J', 'K', 'M', 'N'], ['c', 'd', 'e', 'f', 'g', 'h', 'i', 'j', 'k', 'l', 'm', 'n']]] | C29: 0 | D29: 0.8586359 | E29: [[['∅'], ['n']], [['A', 'B', 'D', 'E', 'G', 'H', 'J', 'K', 'M', 'N'], ['b', 'c', 'd', 'e', 'f', 'g', 'h', 'i', 'j', 'k', 'l', 'm']]] | F29: 0 | G29: 0.23533607 | H29: [[['∅'],['g']],[['A','B','D','E','G','H','J','K','M','N'],['b','c','d','e','f','h','i','j','k','l','m','n']]] | I29: 0 | J29: 0.5893929 | K29: =IF('15B elementos'!$F29=0, IF('15B elementos'!$I29=0, 0, "Indefinido"), ABS('15B elementos'!$F29-'15B elementos'!$I29)/'15B elementos'!$F29) -> 0 | L29: 0 | M29: ='15B elementos'!$G29/'15B elementos'!$J29 -> 0.39928554
A30: ABCDEFGHIJKLMNO_{t+1}|BDFHJLN_{t} | E30: [[['L'], ['∅']], [['A', 'B', 'C', 'D', 'E', 'F', 'G', 'H', 'I', 'J', 'K', 'M', 'N', 'O'], ['b', 'd', 'f', 'h', 'j', 'l', 'n']]] | F30: 0.0002014637 | G30: 0.29859567 | H30: [[['E'],['∅']],[['A','B','C','D','F','G','H','I','J','K','L','M','N','O'],['d','h','l']]] | I30: 0.0070973635 | J30: 0.4651382 | K30: =IF('15B elementos'!$F30=0, IF('15B elementos'!$I30=0, 0, "Indefinido"), ABS('15B elementos'!$F30-'15B elementos'!$I30)/'15B elementos'!$F30) -> 34.228994 | L30: 0 | M30: ='15B elementos'!$G30/'15B elementos'!$J30 -> 0.64195043
A31: ABCDEFGHIJKLMN_{t+1}|ACEGIKMO_{t} | E31: [[['N'], ['∅']], [['A', 'B', 'C', 'D', 'E', 'F', 'G', 'H', 'I', 'J', 'K', 'L', 'M'], ['a', 'c', 'e', 'g', 'i', 'k', 'm', 'o']]] | F31: 9.9778175e-05 | G31: 0.25478911 | H31: [[['L'],['∅']],[['A','B','C','D','E','F','G','H','I','J','K','M','N'],['a','e','i','m']]] | I31: 0.0041897893 | J31: 0.50172043 | K31: =IF('15B elementos'!$F31=0, IF('15B elementos'!$I31=0, 0, "Indefinido"), ABS('15B elementos'!$F31-'15B elementos'!$I31)/'15B elementos'!$F31) -> 40.991039 | L31: 0 | M31: ='15B elementos'!$G31/'15B elementos'!$J31 -> 0.50783085
A32: BCDEFGHIJKLMNO_{t+1}|ACEGIKMO_{t} | E32: [[['N'], ['∅']], [['B', 'C', 'D', 'E', 'F', 'G', 'H', 'I', 'J', 'K', 'L', 'M', 'O'], ['a', 'c', 'e', 'g', 'i', 'k', 'm', 'o']]] | F32: 9.9778175e-05 | G32: 0.17688775 | H32: [[['L'],['∅']],[['B','C','D','E','F','G','H','I','J','K','M','N','O'],['a','e','i','m']]] | I32: 0.0041897893 | J32: 0.019664526 | K32: =IF('15B elementos'!$F32=0, IF('15B elementos'!$I32=0, 0, "Indefinido"), ABS('15B elementos'!$F32-'15B elementos'!$I32)/'15B elementos'!$F32) -> 40.991039 | L32: 0 | M32: ='15B elementos'!$G32/'15B elementos'!$J32 -> 8.9952715
A33: ACEGIKMO_{t+1}|ABCDEFGHIJKLMN_{t} | B33: [[['∅'], ['a']], [['A', 'C', 'E', 'G', 'I', 'K', 'M', 'O'], ['b', 'c', 'd', 'e', 'f', 'g', 'h', 'i', 'j', 'k', 'l', 'm', 'n']]] | C33: 0 | D33: 0.64955425 | E33: [[['∅'], ['l']], [['A', 'C', 'E', 'G', 'I', 'K', 'M', 'O'], ['a', 'b', 'c', 'd', 'e', 'f', 'g', 'h', 'i', 'j', 'k', 'm', 'n']]] | F33: 0 | G33: 0.24377203 | H33: [[['∅'],['m']],[['A','C','E','G','I','K','M','O'],['a','b','c','d','e','f','g','h','i','j','k','l','n']]] | I33: 0 | J33: 0.089427948 | K33: =IF('15B elementos'!$F33=0, IF('15B elementos'!$I33=0, 0, "Indefinido"), ABS('15B elementos'!$F33-'15B elementos'!$I33)/'15B elementos'!$F33) -> 0 | L33: 0 | M33: ='15B elementos'!$G33/'15B elementos'!$J33 -> 2.7259043
A34: ACEGIKMO_{t+1}|BCDEFGHIJKLMNO_{t} | B34: [[['∅'], ['b']], [['A', 'C', 'E', 'G', 'I', 'K', 'M', 'O'], ['c', 'd', 'e', 'f', 'g', 'h', 'i', 'j', 'k', 'l', 'm', 'n', 'o']]] | C34: 0 | D34: 0.5894556 | E34: [[['∅'], ['m']], [['A', 'C', 'E', 'G', 'I', 'K', 'M', 'O'], ['b', 'c', 'd', 'e', 'f', 'g', 'h', 'i', 'j', 'k', 'l', 'n', 'o']]] | F34: 0 | G34: 0.35472274 | H34: [[['∅'],['o']],[['A','C','E','G','I','K','M','O'],['b','c','d','e','f','g','h','i','j','k','l','m','n']]] | I34: 0 | J34: 0.09041357 | K34: =IF('15B elementos'!$F34=0, IF('15B elementos'!$I34=0, 0, "Indefinido"), ABS('15B elementos'!$F34-'15B elementos'!$I34)/'15B elementos'!$F34) -> 0 | L34: 0 | M34: ='15B elementos'!$G34/'15B elementos'!$J34 -> 3.9233351
A35: BDFHJLN_{t+1}|ABCDEFGHIJKLMNO_{t} | B35: [[['∅'], ['a']], [['B', 'D', 'F', 'H', 'J', 'L', 'N'], ['b', 'c', 'd', 'e', 'f', 'g', 'h', 'i', 'j', 'k', 'l', 'm', 'n', 'o']]] | C35: 0 | D35: 0.70327377 | E35: [[['∅'], ['h']], [['B', 'D', 'F', 'H', 'J', 'L', 'N'], ['a', 'b', 'c', 'd', 'e', 'f', 'g', 'i', 'j', 'k', 'l', 'm', 'n', 'o']]] | F35: 0 | G35: 0.82558131 | H35: [[['∅'],['o']],[['B','D','F','H','J','L','N'],['a','b','c','d','e','f','g','h','i','j','k','l','m','n']]] | I35: 0 | J35: 0.16971087 | K35: =IF('15B elementos'!$F35=0, IF('15B elementos'!$I35=0, 0, "Indefinido"), ABS('15B elementos'!$F35-'15B elementos'!$I35)/'15B elementos'!$F35) -> 0 | L35: 0 | M35: ='15B elementos'!$G35/'15B elementos'!$J35 -> 4.8646341
A36: ABCDEFGHIJKLMN_{t+1}|BDFHJLN_{t} | E36: [[['L'], ['∅']], [['A', 'B', 'C', 'D', 'E', 'F', 'G', 'H', 'I', 'J', 'K', 'M', 'N'], ['b', 'd', 'f', 'h', 'j', 'l', 'n']]] | F36: 0.0002014637 | G36: 0.19995928 | H36: [[['E'],['∅']],[['A','B','C','D','F','G','H','I','J','K','L','M','N'],['d','h','l']]] | I36: 0.0070973635 | J36: 0.37964702 | K36: =IF('15B elementos'!$F36=0, IF('15B elementos'!$I36=0, 0, "Indefinido"), ABS('15B elementos'!$F36-'15B elementos'!$I36)/'15B elementos'!$F36) -> 34.228994 | L36: 0 | M36: ='15B elementos'!$G36/'15B elementos'!$J36 -> 0.52669788
A37: BCDEFGHIJKLMNO_{t+1}|BDFHJLN_{t} | E37: [[['L'], ['∅']], [['B', 'C', 'D', 'E', 'F', 'G', 'H', 'I', 'J', 'K', 'M', 'N', 'O'], ['b', 'd', 'f', 'h', 'j', 'l', 'n']]] | F37: 0.0002014637 | G37: 0.17084551 | H37: [[['E'],['∅']],[['B','C','D','F','G','H','I','J','K','L','M','N','O'],['d','h','l']]] | I37: 0.0070973635 | J37: 0.5145514 | K37: =IF('15B elementos'!$F37=0, IF('15B elementos'!$I37=0, 0, "Indefinido"), ABS('15B elementos'!$F37-'15B elementos'!$I37)/'15B elementos'!$F37) -> 34.228994 | L37: 0 | M37: ='15B elementos'!$G37/'15B elementos'!$J37 -> 0.33202807
A38: BCDEFGHIJKLMN_{t+1}|ACEGIKMO_{t} | E38: [[['N'], ['∅']], [['B', 'C', 'D', 'E', 'F', 'G', 'H', 'I', 'J', 'K', 'L', 'M'], ['a', 'c', 'e', 'g', 'i', 'k', 'm', 'o']]] | F38: 9.9778175e-05 | G38: 0.13680935 | H38: [[['L'],['∅']],[['B','C','D','E','F','G','H','I','J','K','M','N'],['a','e','i','m']]] | I38: 0.0041897893 | J38: 0.35796595 | K38: =IF('15B elementos'!$F38=0, IF('15B elementos'!$I38=0, 0, "Indefinido"), ABS('15B elementos'!$F38-'15B elementos'!$I38)/'15B elementos'!$F38) -> 40.991039 | L38: 0 | M38: ='15B elementos'!$G38/'15B elementos'!$J38 -> 0.38218537
A39: ACEGIKMO_{t+1}|BCDEFGHIJKLMN_{t} | B39: [[['∅'], ['b']], [['A', 'C', 'E', 'G', 'I', 'K', 'M', 'O'], ['c', 'd', 'e', 'f', 'g', 'h', 'i', 'j', 'k', 'l', 'm', 'n']]] | C39: 0 | D39: 0.59825635 | E39: [[['∅'], ['l']], [['A', 'C', 'E', 'G', 'I', 'K', 'M', 'O'], ['b', 'c', 'd', 'e', 'f', 'g', 'h', 'i', 'j', 'k', 'm', 'n']]] | F39: 0 | G39: 0.34097862 | H39: [[['∅'],['g']],[['A','C','E','G','I','K','M','O'],['b','c','d','e','f','h','i','j','k','l','m','n']]] | I39: 0 | J39: 0.5790379 | K39: =IF('15B elementos'!$F39=0, IF('15B elementos'!$I39=0, 0, "Indefinido"), ABS('15B elementos'!$F39-'15B elementos'!$I39)/'15B elementos'!$F39) -> 0 | L39: 0 | M39: ='15B elementos'!$G39/'15B elementos'!$J39 -> 0.58887099
A40: BDFHJLN_{t+1}|ABCDEFGHIJKLMN_{t} | B40: [[['∅'], ['a']], [['B', 'D', 'F', 'H', 'J', 'L', 'N'], ['b', 'c', 'd', 'e', 'f', 'g', 'h', 'i', 'j', 'k', 'l', 'm', 'n']]] | C40: 0 | D40: 0.58825111 | E40: [[['∅'], ['n']], [['B', 'D', 'F', 'H', 'J', 'L', 'N'], ['a', 'b', 'c', 'd', 'e', 'f', 'g', 'h', 'i', 'j', 'k', 'l', 'm']]] | F40: 0 | G40: 0.35857725 | H40: [[['∅'],['m']],[['B','D','F','H','J','L','N'],['a','b','c','d','e','f','g','h','i','j','k','l','n']]] | I40: 0 | J40: 0.078887463 | K40: =IF('15B elementos'!$F40=0, IF('15B elementos'!$I40=0, 0, "Indefinido"), ABS('15B elementos'!$F40-'15B elementos'!$I40)/'15B elementos'!$F40) -> 0 | L40: 0 | M40: ='15B elementos'!$G40/'15B elementos'!$J40 -> 4.5454276
A41: BDFHJLN_{t+1}|BCDEFGHIJKLMNO_{t} | B41: [[['∅'], ['b']], [['B', 'D', 'F', 'H', 'J', 'L', 'N'], ['c', 'd', 'e', 'f', 'g', 'h', 'i', 'j', 'k', 'l', 'm', 'n', 'o']]] | C41: 0 | D41: 0.54690814 | E41: [[['∅'], ['o']], [['B', 'D', 'F', 'H', 'J', 'L', 'N'], ['b', 'c', 'd', 'e', 'f', 'g', 'h', 'i', 'j', 'k', 'l', 'm', 'n']]] | F41: 0 | G41: 0.19199228 | H41: [[['∅'],['o']],[['B','D','F','H','J','L','N'],['b','c','d','e','f','g','h','i','j','k','l','m','n']]] | I41: 0 | J41: 0.081706047 | K41: =IF('15B elementos'!$F41=0, IF('15B elementos'!$I41=0, 0, "Indefinido"), ABS('15B elementos'!$F41-'15B elementos'!$I41)/'15B elementos'!$F41) -> 0 | L41: 1 | M41: ='15B elementos'!$G41/'15B elementos'!$J41 -> 2.3497928
A42: BCDEFGHIJKLMN_{t+1}|BDFHJLN_{t} | E42: [[['L'], ['∅']], [['B', 'C', 'D', 'E', 'F', 'G', 'H', 'I', 'J', 'K', 'M', 'N'], ['b', 'd', 'f', 'h', 'j', 'l', 'n']]] | F42: 0.0002014637 | G42: 0.12389016 | H42: [[['E'],['∅']],[['B','C','D','F','G','H','I','J','K','L','M','N'],['d','h','l']]] | I42: 0.0070973635 | J42: 0.45584035 | K42: =IF('15B elementos'!$F42=0, IF('15B elementos'!$I42=0, 0, "Indefinido"), ABS('15B elementos'!$F42-'15B elementos'!$I42)/'15B elementos'!$F42) -> 34.228994 | L42: 0 | M42: ='15B elementos'!$G42/'15B elementos'!$J42 -> 0.27178411
A43: BDFHJLN_{t+1}|BCDEFGHIJKLMN_{t} | B43: [[['∅'], ['b']], [['B', 'D', 'F', 'H', 'J', 'L', 'N'], ['c', 'd', 'e', 'f', 'g', 'h', 'i', 'j', 'k', 'l', 'm', 'n']]] | C43: 0 | D43: 0.54656267 | E43: [[['∅'], ['m']], [['B', 'D', 'F', 'H', 'J', 'L', 'N'], ['b', 'c', 'd', 'e', 'f', 'g', 'h', 'i', 'j', 'k', 'l', 'n']]] | F43: 0 | G43: 0.15105295 | H43: [[['∅'],['g']],[['B','D','F','H','J','L','N'],['b','c','d','e','f','h','i','j','k','l','m','n']]] | I43: 0 | J43: 0.075541735 | K43: =IF('15B elementos'!$F43=0, IF('15B elementos'!$I43=0, 0, "Indefinido"), ABS('15B elementos'!$F43-'15B elementos'!$I43)/'15B elementos'!$F43) -> 0 | L43: 0 | M43: ='15B elementos'!$G43/'15B elementos'!$J43 -> 1.999596
A44: ABDEGHJKMN_{t+1}|ABDEGHJKMN_{t} | B44: [[['D'], ['∅']], [['A', 'B', 'E', 'G', 'H', 'J', 'K', 'M', 'N'], ['a', 'b', 'd', 'e', 'g', 'h', 'j', 'k', 'm', 'n']]] | C44: 0.000761 | D44: 164.45574 | E44: [[['D'], ['∅']], [['A', 'B', 'E', 'G', 'H', 'J', 'K', 'M', 'N'], ['a', 'b', 'd', 'e', 'g', 'h', 'j', 'k', 'm', 'n']]] | F44: 0.00076055527 | G44: 0.10846877 | H44: [[['N'],['∅']],[['A','B','D','E','G','H','J','K','M'],['a','b','e','g','j','k','n']]] | I44: 0.0013378263 | J44: 0.47032547 | K44: =IF('15B elementos'!$F44=0, IF('15B elementos'!$I44=0, 0, "Indefinido"), ABS('15B elementos'!$F44-'15B elementos'!$I44)/'15B elementos'!$F44) -> 0.75901254 | L44: 0 | M44: ='15B elementos'!$G44/'15B elementos'!$J44 -> 0.23062491
A45: ACEGIKMO_{t+1}|ABDEGHJKMN_{t} | B45: [[['I'], ['∅']], [['A', 'C', 'E', 'G', 'K', 'M', 'O'], ['a', 'b', 'd', 'e', 'g', 'h', 'j', 'k', 'm', 'n']]] | C45: 0.001511 | D45: 37.12449 | E45: [[['I'], ['∅']], [['A', 'C', 'E', 'G', 'K', 'M', 'O'], ['a', 'b', 'd', 'e', 'g', 'h', 'j', 'k', 'm', 'n']]] | F45: 0.0015109181 | G45: 0.12669182 | H45: [[['O'],['∅']],[['A','C','E','G','I','K','M'],['a','b','e','g','j','k','n']]] | I45: 4.7147274e-05 | J45: 0.033982515 | K45: =IF('15B elementos'!$F45=0, IF('15B elementos'!$I45=0, 0, "Indefinido"), ABS('15B elementos'!$F45-'15B elementos'!$I45)/'15B elementos'!$F45) -> 0.96879561 | L45: 0 | M45: ='15B elementos'!$G45/'15B elementos'!$J45 -> 3.7281472
A46: ABDEGHJKMN_{t+1}|ACEGIKMO_{t} | B46: [[['N'], ['∅']], [['A', 'B', 'D', 'E', 'G', 'H', 'J', 'K', 'M'], ['a', 'c', 'e', 'g', 'i', 'k', 'm', 'o']]] | C46: 0.0001 | D46: 42.072231 | E46: [[['N'], ['∅']], [['A', 'B', 'D', 'E', 'G', 'H', 'J', 'K', 'M'], ['a', 'c', 'e', 'g', 'i', 'k', 'm', 'o']]] | F46: 9.9778175e-05 | G46: 0.092460394 | H46: [[['E'],['∅']],[['A','B','D','G','H','J','K','M','N'],['a','e','i','m']]] | I46: 0.0043781996 | J46: 0.43795466 | K46: =IF('15B elementos'!$F46=0, IF('15B elementos'!$I46=0, 0, "Indefinido"), ABS('15B elementos'!$F46-'15B elementos'!$I46)/'15B elementos'!$F46) -> 42.879331 | L46: 0 | M46: ='15B elementos'!$G46/'15B elementos'!$J46 -> 0.21111864
A47: BDFHJLN_{t+1}|ABDEGHJKMN_{t} | B47: [[['D'], ['∅']], [['B', 'F', 'H', 'J', 'L', 'N'], ['a', 'b', 'd', 'e', 'g', 'h', 'j', 'k', 'm', 'n']]] | C47: 0.000761 | D47: 18.499921 | E47: [[['D'], ['∅']], [['B', 'F', 'H', 'J', 'L', 'N'], ['a', 'b', 'd', 'e', 'g', 'h', 'j', 'k', 'm', 'n']]] | F47: 0.00076055527 | G47: 0.11150026 | H47: [[['N'],['∅']],[['B','D','F','H','J','L'],['a','b','e','g','j','k','n']]] | I47: 0.0013378263 | J47: 0.5625248 | K47: =IF('15B elementos'!$F47=0, IF('15B elementos'!$I47=0, 0, "Indefinido"), ABS('15B elementos'!$F47-'15B elementos'!$I47)/'15B elementos'!$F47) -> 0.75901254 | L47: 0 | M47: ='15B elementos'!$G47/'15B elementos'!$J47 -> 0.19821395
A48: ABDEGHJKMN_{t+1}|BDFHJLN_{t} | B48: [[['H'], ['∅']], [['A', 'B', 'D', 'E', 'G', 'J', 'K', 'M', 'N'], ['b', 'd', 'f', 'h', 'j', 'l', 'n']]] | C48: 0.000276 | D48: 20.908879 | E48: [[['H'], ['∅']], [['A', 'B', 'D', 'E', 'G', 'J', 'K', 'M', 'N'], ['b', 'd', 'f', 'h', 'j', 'l', 'n']]] | F48: 0.0002758503 | G48: 0.095148802 | H48: [[['G'],['∅']],[['A','B','D','E','H','J','K','M','N'],['d','h','l']]] | I48: 0.0070973635 | J48: 0.33099365 | K48: =IF('15B elementos'!$F48=0, IF('15B elementos'!$I48=0, 0, "Indefinido"), ABS('15B elementos'!$F48-'15B elementos'!$I48)/'15B elementos'!$F48) -> 24.729041 | L48: 0 | M48: ='15B elementos'!$G48/'15B elementos'!$J48 -> 0.28746413
A49: ACEGIKMO_{t+1}|ACEGIKMO_{t} | B49: [[['M'], ['∅']], [['A', 'C', 'E', 'G', 'I', 'K', 'O'], ['a', 'c', 'e', 'g', 'i', 'k', 'm', 'o']]] | C49: 0.000336 | D49: 9.5897462 | E49: [[['M'], ['∅']], [['A', 'C', 'E', 'G', 'I', 'K', 'O'], ['a', 'c', 'e', 'g', 'i', 'k', 'm', 'o']]] | F49: 0.00033921003 | G49: 0.078550816 | H49: [[['E'],['∅']],[['A','C','G','I','K','M','O'],['a','e','i','m']]] | I49: 0.0043781996 | J49: 0.55325794 | K49: =IF('15B elementos'!$F49=0, IF('15B elementos'!$I49=0, 0, "Indefinido"), ABS('15B elementos'!$F49-'15B elementos'!$I49)/'15B elementos'!$F49) -> 11.907046 | L49: 0 | M49: ='15B elementos'!$G49/'15B elementos'!$J49 -> 0.14197865
A50: ACEGIKMO_{t+1}|BDFHJLN_{t} | B50: [[['E'], ['∅']], [['A', 'C', 'G', 'I', 'K', 'M', 'O'], ['b', 'd', 'f', 'h', 'j', 'l', 'n']]] | C50: 0.000617 | D50: 4.9760563 | E50: [[['E'], ['∅']], [['A', 'C', 'G', 'I', 'K', 'M', 'O'], ['b', 'd', 'f', 'h', 'j', 'l', 'n']]] | F50: 0.00095146894 | G50: 0.051023483 | H50: [[['G'],['∅']],[['A','C','E','I','K','M','O'],['d','h','l']]] | I50: 0.0070973635 | J50: 0.32682037 | K50: =IF('15B elementos'!$F50=0, IF('15B elementos'!$I50=0, 0, "Indefinido"), ABS('15B elementos'!$F50-'15B elementos'!$I50)/'15B elementos'!$F50) -> 6.4593748 | L50: 0 | M50: ='15B elementos'!$G50/'15B elementos'!$J50 -> 0.15612088
A51: BDFHJLN_{t+1}|ACEGIKMO_{t} | B51: [[['N'], ['∅']], [['B', 'D', 'F', 'H', 'J', 'L'], ['a', 'c', 'e', 'g', 'i', 'k', 'm', 'o']]] | C51: 0.0001 | D51: 4.9245079 | E51: [[['N'], ['∅']], [['B', 'D', 'F', 'H', 'J', 'L'], ['a', 'c', 'e', 'g', 'i', 'k', 'm', 'o']]] | F51: 9.9778175e-05 | G51: 0.042447567 | H51: [[['L'],['∅']],[['B','D','F','H','J','N'],['a','e','i','m']]] | I51: 0.0041897893 | J51: 0.44590139 | K51: =IF('15B elementos'!$F51=0, IF('15B elementos'!$I51=0, 0, "Indefinido"), ABS('15B elementos'!$F51-'15B elementos'!$I51)/'15B elementos'!$F51) -> 40.991039 | L51: 0 | M51: ='15B elementos'!$G51/'15B elementos'!$J51 -> 0.095194964
A52: BDFHJLN_{t+1}|BDFHJLN_{t} | B52: [[['L'], ['∅']], [['B', 'D', 'F', 'H', 'J', 'N'], ['b', 'd', 'f', 'h', 'j', 'l', 'n']]] | C52: 0.000201 | D52: 2.7256358 | E52: [[['L'], ['∅']], [['B', 'D', 'F', 'H', 'J', 'N'], ['b', 'd', 'f', 'h', 'j', 'l', 'n']]] | F52: 0.0002014637 | G52: 0.052466631 | H52: [[['N'],['∅']],[['B','D','F','H','J','L'],['d','h','l']]] | I52: 0.0087940693 | J52: 0.30757809 | K52: =IF('15B elementos'!$F52=0, IF('15B elementos'!$I52=0, 0, "Indefinido"), ABS('15B elementos'!$F52-'15B elementos'!$I52)/'15B elementos'!$F52) -> 42.650888 | L52: 0 | M52: ='15B elementos'!$G52/'15B elementos'!$J52 -> 0.17057987
K53: =SUM('15B elementos'!$K$3:$K$52)/50 -> 9.5275544 | L53: =SUM('15B elementos'!$L$3:$L$52)/50 -> 0.16 | M53: =SUM('15B elementos'!$M$3:$M$52)/50 -> 1.6913893
H71: Nº de Variables | I71: Casos probados | J71: Coincidencias | K71: Tasa de acierto (%)
H72: 10 | I72: 50 | J72: 10 | K72: 1
H73: 15A | I73: 50 | J73: 9 | K73: 0.9
H74: 15B | I74: 50 | J74: 7 | K74: 0.7
H75: 20 | I75: 50 | J75: ... | K75: ...

Sheet 20elementos
A1: Esta red deben generarla a partir de la ejecución del generador de TPMs, un método común en Manejador.
B2: Resultados Pyphi | E2: EstrategiaQ | H2: GeoMIP | K2: Analisis de error y precision | M2: rendimiento temporal
A3: Subsistema | B3: Particion | C3: Perdida | D3: Tiempo | E3: Particion5 | F3: Perdida6 | G3: Tiempo7 | H3: Particion5 | I3: Perdida6 | J3: Tiempo ejecución | K3: error relativo | L3: tasa de acierto | M3: speedup
A4: ABCDEFGHIJKLMNOPQRST_{t+1}|ABCDEFGHIJKLMNOPQRST_{t} | E4: [[['S'], ['∅']], [['A', 'B', 'C', 'D', 'E', 'F', 'G', 'H', 'I', 'J', 'K', 'L', 'M', 'N', 'O', 'P', 'Q', 'R', 'T'], ['a', 'b', 'c', 'd', 'e', 'f', 'g', 'h', 'i', 'j', 'k', 'l', 'm', 'n', 'o', 'p', 'q', 'r', 's', 't']]] | F4: 0.023251414 | G4: 995.1531 | H4: [[['S'],['∅']],[['A','B','C','D','E','F','G','H','I','J','K','L','M','N','O','P','Q','R','T'],['a','b','c','d','e','f','g','h','i','j','k','l','m','n','o','p','q','r','s','t']]] | I4: 0.0072748363 | J4: 68.794544 | K4: =IF('20elementos'!$F4=0,IF('20elementos'!$I4=0,0,"Indefinido"),ABS('20elementos'!$F4-'20elementos'!$I4)/'20elementos'!$F4) -> 0.68712285 | L4: 1 | M4: ='20elementos'!$G4/'20elementos'!$J4 -> 14.465582
A5: ABCDEFGHIJKLMNOPQRST_{t+1}|ABCDEFGHIJKLMNOPQRS_{t} | E5: [[['G'], ['∅']], [['A', 'B', 'C', 'D', 'E', 'F', 'H', 'I', 'J', 'K', 'L', 'M', 'N', 'O', 'P', 'Q', 'R', 'S', 'T'], ['a', 'b', 'c', 'd', 'e', 'f', 'g', 'h', 'i', 'j', 'k', 'l', 'm', 'n', 'o', 'p', 'q', 'r', 's']]] | F5: 0.0038037896 | G5: 784.23098 | H5: [[['G'],['∅']],[['A','B','C','D','E','F','H','I','J','K','L','M','N','O','P','Q','R','S','T'],['a','b','c','d','e','f','g','h','i','j','k','l','m','n','o','p','q','r','s']]] | I5: 0.0028677881 | J5: 30.815535 | K5: =IF('20elementos'!$F5=0,IF('20elementos'!$I5=0,0,"Indefinido"),ABS('20elementos'!$F5-'20elementos'!$I5)/'20elementos'!$F5) -> 0.2460708 | L5: 1 | M5: ='20elementos'!$G5/'20elementos'!$J5 -> 25.449208
A6: ABCDEFGHIJKLMNOPQRST_{t+1}|BCDEFGHIJKLMNOPQRST_{t} | E6: [[['R'], ['∅']], [['A', 'B', 'C', 'D', 'E', 'F', 'G', 'H', 'I', 'J', 'K', 'L', 'M', 'N', 'O', 'P', 'Q', 'S', 'T'], ['b', 'c', 'd', 'e', 'f', 'g', 'h', 'i', 'j', 'k', 'l', 'm', 'n', 'o', 'p', 'q', 'r', 's', 't']]] | F6: 0.044668019 | G6: 787.44592 | H6: [[['R'],['∅']],[['A','B','C','D','E','F','G','H','I','J','K','L','M','N','O','P','Q','S','T'],['c','d','e','f','g','h','i','j','k','l','m','n','o','p','q','r','s','t']]] | I6: 0.044668019 | J6: 29.194426 | K6: =IF('20elementos'!$F6=0,IF('20elementos'!$I6=0,0,"Indefinido"),ABS('20elementos'!$F6-'20elementos'!$I6)/'20elementos'!$F6) -> 3.1068734e-16 | L6: 1 | M6: ='20elementos'!$G6/'20elementos'!$J6 -> 26.972475
A7: ABCDEFGHIJKLMNOPQRS_{t+1}|ABCDEFGHIJKLMNOPQRST_{t} | E7: [[['S'], ['∅']], [['A', 'B', 'C', 'D', 'E', 'F', 'G', 'H', 'I', 'J', 'K', 'L', 'M', 'N', 'O', 'P', 'Q', 'R'], ['a', 'b', 'c', 'd', 'e', 'f', 'g', 'h', 'i', 'j', 'k', 'l', 'm', 'n', 'o', 'p', 'q', 'r', 's', 't']]] | F7: 0.0072748363 | G7: 957.99694 | H7: [[['S'],['∅']],[['A','B','C','D','E','F','G','H','I','J','K','L','M','N','O','P','Q','R'],['a','b','c','d','e','f','g','h','i','j','k','l','m','n','o','p','q','r','s','t']]] | I7: 0.0072748363 | J7: 60.598031 | K7: =IF('20elementos'!$F7=0,IF('20elementos'!$I7=0,0,"Indefinido"),ABS('20elementos'!$F7-'20elementos'!$I7)/'20elementos'!$F7) -> 1.1922766e-16 | L7: 1 | M7: ='20elementos'!$G7/'20elementos'!$J7 -> 15.809044
A8: BCDEFGHIJKLMNOPQRST_{t+1}|ABCDEFGHIJKLMNOPQRST_{t} | E8: [[['S'], ['∅']], [['B', 'C', 'D', 'E', 'F', 'G', 'H', 'I', 'J', 'K', 'L', 'M', 'N', 'O', 'P', 'Q', 'R', 'T'], ['a', 'b', 'c', 'd', 'e', 'f', 'g', 'h', 'i', 'j', 'k', 'l', 'm', 'n', 'o', 'p', 'q', 'r', 's', 't']]] | F8: 0.023251414 | G8: 966.76866 | H8: [[['S'],['∅']],[['B','C','D','E','F','G','H','I','J','K','L','M','N','O','P','Q','R','T'],['a','b','c','d','e','f','g','h','i','j','k','l','m','n','o','p','q','r','s','t']]] | I8: 0.0072748363 | J8: 68.314605 | K8: =IF('20elementos'!$F8=0,IF('20elementos'!$I8=0,0,"Indefinido"),ABS('20elementos'!$F8-'20elementos'!$I8)/'20elementos'!$F8) -> 0.68712285 | L8: 1 | M8: ='20elementos'!$G8/'20elementos'!$J8 -> 14.151713
A9: ABCDEFGHIJKLMNOPQRST_{t+1}|BCDEFGHIJKLMNOPQRS_{t} | E9: [[['L'], ['∅']], [['A', 'B', 'C', 'D', 'E', 'F', 'G', 'H', 'I', 'J', 'K', 'M', 'N', 'O', 'P', 'Q', 'R', 'S', 'T'], ['b', 'c', 'd', 'e', 'f', 'g', 'h', 'i', 'j', 'k', 'l', 'm', 'n', 'o', 'p', 'q', 'r', 's']]] | F9: 0.014912903 | G9: 699.06821 | H9: [[['L'],['∅']],[['A','B','C','D','E','F','G','H','I','J','K','M','N','O','P','Q','R','S','T'],['c','d','e','f','g','h','i','j','k','l','m','n','o','p','q','r','s']]] | I9: 0.014912903 | J9: 17.534119 | K9: =IF('20elementos'!$F9=0,IF('20elementos'!$I9=0,0,"Indefinido"),ABS('20elementos'!$F9-'20elementos'!$I9)/'20elementos'!$F9) -> 6.9794195e-16 | L9: 1 | M9: ='20elementos'!$G9/'20elementos'!$J9 -> 39.869025
A10: ABCDEFGHIJKLMNOPQRS_{t+1}|ABCDEFGHIJKLMNOPQRS_{t} | E10: [[['G'], ['∅']], [['A', 'B', 'C', 'D', 'E', 'F', 'H', 'I', 'J', 'K', 'L', 'M', 'N', 'O', 'P', 'Q', 'R', 'S'], ['a', 'b', 'c', 'd', 'e', 'f', 'g', 'h', 'i', 'j', 'k', 'l', 'm', 'n', 'o', 'p', 'q', 'r', 's']]] | F10: 0.0028677881 | G10: 774.71918 | H10: [[['G'],['∅']],[['A','B','C','D','E','F','H','I','J','K','L','M','N','O','P','Q','R','S'],['a','b','c','d','e','f','g','h','i','j','k','l','m','n','o','p','q','r','s']]] | I10: 0.0028677881 | J10: 28.142539 | K10: =IF('20elementos'!$F10=0,IF('20elementos'!$I10=0,0,"Indefinido"),ABS('20elementos'!$F10-'20elementos'!$I10)/'20elementos'!$F10) -> 1.0585741e-15 | L10: 1 | M10: ='20elementos'!$G10/'20elementos'!$J10 -> 27.528404
A11: ABCDEFGHIJKLMNOPQRS_{t+1}|BCDEFGHIJKLMNOPQRST_{t} | E11: [[['R'], ['∅']], [['A', 'B', 'C', 'D', 'E', 'F', 'G', 'H', 'I', 'J', 'K', 'L', 'M', 'N', 'O', 'P', 'Q', 'S'], ['b', 'c', 'd', 'e', 'f', 'g', 'h', 'i', 'j', 'k', 'l', 'm', 'n', 'o', 'p', 'q', 'r', 's', 't']]] | F11: 0.044668019 | G11: 777.63958 | H11: [[['R'],['∅']],[['A','B','C','D','E','F','G','H','I','J','K','L','M','N','O','P','Q','S'],['c','d','e','f','g','h','i','j','k','l','m','n','o','p','q','r','s','t']]] | I11: 0.044668019 | J11: 27.188531 | K11: =IF('20elementos'!$F11=0,IF('20elementos'!$I11=0,0,"Indefinido"),ABS('20elementos'!$F11-'20elementos'!$I11)/'20elementos'!$F11) -> 3.1068734e-16 | L11: 1 | M11: ='20elementos'!$G11/'20elementos'!$J11 -> 28.601751
A12: BCDEFGHIJKLMNOPQRST_{t+1}|ABCDEFGHIJKLMNOPQRS_{t} | E12: [[['G'], ['∅']], [['B', 'C', 'D', 'E', 'F', 'H', 'I', 'J', 'K', 'L', 'M', 'N', 'O', 'P', 'Q', 'R', 'S', 'T'], ['a', 'b', 'c', 'd', 'e', 'f', 'g', 'h', 'i', 'j', 'k', 'l', 'm', 'n', 'o', 'p', 'q', 'r', 's']]] | F12: 0.0028677881 | G12: 773.44085 | H12: [[['G'],['∅']],[['B','C','D','E','F','H','I','J','K','L','M','N','O','P','Q','R','S','T'],['a','b','c','d','e','f','g','h','i','j','k','l','m','n','o','p','q','r','s']]] | I12: 0.0028677881 | J12: 28.892688 | K12: =IF('20elementos'!$F12=0,IF('20elementos'!$I12=0,0,"Indefinido"),ABS('20elementos'!$F12-'20elementos'!$I12)/'20elementos'!$F12) -> 1.0585741e-15 | L12: 1 | M12: ='20elementos'!$G12/'20elementos'!$J12 -> 26.769432
A13: BCDEFGHIJKLMNOPQRST_{t+1}|BCDEFGHIJKLMNOPQRST_{t} | E13: [[['R'], ['∅']], [['B', 'C', 'D', 'E', 'F', 'G', 'H', 'I', 'J', 'K', 'L', 'M', 'N', 'O', 'P', 'Q', 'S', 'T'], ['b', 'c', 'd', 'e', 'f', 'g', 'h', 'i', 'j', 'k', 'l', 'm', 'n', 'o', 'p', 'q', 'r', 's', 't']]] | F13: 0.044668019 | G13: 776.30041 | H13: [[['R'],['∅']],[['B','C','D','E','F','G','H','I','J','K','L','M','N','O','P','Q','S','T'],['c','d','e','f','g','h','i','j','k','l','m','n','o','p','q','r','s','t']]] | I13: 0.044668019 | J13: 27.242031 | K13: =IF('20elementos'!$F13=0,IF('20elementos'!$I13=0,0,"Indefinido"),ABS('20elementos'!$F13-'20elementos'!$I13)/'20elementos'!$F13) -> 3.1068734e-16 | L13: 1 | M13: ='20elementos'!$G13/'20elementos'!$J13 -> 28.496422
A14: BCDEFGHIJKLMNOPQRS_{t+1}|ABCDEFGHIJKLMNOPQRST_{t} | E14: [[['S'], ['∅']], [['B', 'C', 'D', 'E', 'F', 'G', 'H', 'I', 'J', 'K', 'L', 'M', 'N', 'O', 'P', 'Q', 'R'], ['a', 'b', 'c', 'd', 'e', 'f', 'g', 'h', 'i', 'j', 'k', 'l', 'm', 'n', 'o', 'p', 'q', 'r', 's', 't']]] | F14: 0.032423526 | G14: 1191.4539 | H14: [[['S'],['∅']],[['B','C','D','E','F','G','H','I','J','K','L','M','N','O','P','Q','R'],['a','b','c','d','e','f','g','h','i','j','k','l','m','n','o','p','q','r','s','t']]] | I14: 0.0072748363 | J14: 68.428917 | K14: =IF('20elementos'!$F14=0,IF('20elementos'!$I14=0,0,"Indefinido"),ABS('20elementos'!$F14-'20elementos'!$I14)/'20elementos'!$F14) -> 0.77563093 | L14: 1 | M14: ='20elementos'!$G14/'20elementos'!$J14 -> 17.411556
A15: ACDEFGHIJKLMNOPQRST_{t+1}|ACDEFGHIJKLMNOPQRST_{t} | E15: [[['Q'], ['∅']], [['A', 'C', 'D', 'E', 'F', 'G', 'H', 'I', 'J', 'K', 'L', 'M', 'N', 'O', 'P', 'R', 'S', 'T'], ['a', 'c', 'd', 'e', 'f', 'g', 'h', 'i', 'j', 'k', 'l', 'm', 'n', 'o', 'p', 'q', 'r', 's', 't']]] | F15: 0.0015489757 | G15: 1055.8888 | H15: [[['Q'],['∅']],[['A','C','D','E','F','G','H','I','J','K','L','M','N','O','P','R','S','T'],['a','d','e','f','g','h','i','j','k','l','m','n','o','p','q','r','s','t']]] | I15: 0.0015489757 | J15: 31.047781 | K15: =IF('20elementos'!$F15=0,IF('20elementos'!$I15=0,0,"Indefinido"),ABS('20elementos'!$F15-'20elementos'!$I15)/'20elementos'!$F15) -> 2.6598017e-15 | L15: 1 | M15: ='20elementos'!$G15/'20elementos'!$J15 -> 34.008512
... A53: BDFHJLNPRT_{t+1}|BDFHJLNPRT_{t} | E53: [[['P'], ['∅']], [['B', 'D', 'F', 'H', 'J', 'L', 'N', 'R', 'T'], ['b', 'd', 'f', 'h', 'j', 'l', 'n', 'p', 'r', 't']]] | F53: 0.00054436922 | G53: 812.31194 | H53: [[['P'],['∅']],[['B','D','F','H','J','L','N','R','T'],['d','h','l','p','t']]] | I53: 0.00054436922 | J53: 0.058000088 | K53: =IF('20elementos'!$F53=0,IF('20elementos'!$I53=0,0,"Indefinido"),ABS('20elementos'!$F53-'20elementos'!$I53)/'20elementos'!$F53) -> 7.9666677e-16 | L53: 1 | M53: ='20elementos'!$G53/'20elementos'!$J53 -> 14005.357
K54: =SUM('20elementos'!$K$4:$K$53)/50 -> 0.18611436 | L54: =SUM('20elementos'!$L$4:$L$53)/50 -> 1 | M54: =SUM('20elementos'!$M$4:$M$53)/50 -> 1531.885

Sheet 21elementos
A1: Sistema: ABCDEFGHIJKLMNOPQRSTU | B1: GeoMIP
A2: subsistema | B2: Particion5 | C2: Perdida6 | D2: Tiempo ejecución
A3: ABCDEFGHIJKLMNOPQRSTU_{t+1}|ABCDEFGHIJKLMNOPQRSTU_{t} | B3: [[["R"], ["∅"]], [["A", "B", "C", "D", "E", "F", "G", "H", "I", "J", "K", "L", "M", "N", "O", "P", "Q", "S", "T", "U"], ["a", "b", "c", "d", "e", "f", "g", "h", "i", "j", "k", "l", "m", "n", "o", "p", "q", "r", "s", "t", "u"]]] | C3: 0.0071581304 | D3: 671.00122
A4: ABCDEFGHIKLMOPQRST_{t+1}|ABCDEFGHIJKLMNOQS_{t} | B4: [[["K"], ["∅"]], [["A", "B", "C", "D", "E", "F", "G", "H", "I", "L", "M", "O", "P", "Q", "R", "S", "T"], ["a", "b", "c", "d", "e", "f", "g", "h", "i", "j", "k", "l", "m", "n", "o", "s"]]] | C4: 0.011604577 | D4: 41.18671
A5: ABCDEFGHIJKLMNOPQRST_{t+1}|BCDEFGHIJKLMNOPQR_{t} | B5: [[["I"], ["∅"]], [["A", "B", "C", "D", "E", "F", "G", "H", "J", "K", "L", "M", "N", "O", "P", "Q", "R", "S", "T"], ["c", "d", "e", "f", "g", "h", "i", "j", "k", "l", "m", "n", "o", "p", "q", "r"]]] | C5: 0.0012629032 | D5: 45.929432
A6: ABCDEFGHIOPQRS_{t+1}|ABCDEFGJLMNT_{t} | B6: [[["P"], ["∅"]], [["A", "B", "C", "D", "E", "F", "G", "H", "I", "O", "Q", "R", "S"], ["a", "b", "c", "d", "e", "f", "g", "m", "t"]]] | C6: 0.001170516 | D6: 1.7192199
A7: BCDFGHIJKLMNPQRST_{t+1}|ABCDEFGHIKLMNQRST_{t} | B7: [[["P"], ["∅"]], [["B", "C", "D", "F", "G", "H", "I", "J", "K", "L", "M", "N", "Q", "R", "S", "T"], ["a", "b", "c", "d", "e", "f", "g", "h", "i", "l", "m", "n", "q", "t"]]] | C7: 0.0016914606 | D7: 39.444759

Sheet 22 elementos
A1: Sistema: ABCDEFGHIJKLMNOPQRSTUV | B1: GeoMIP
A2: Subsistema | B2: Particion5 | C2: Perdida6 | D2: Tiempo ejecución
A3: ABCDEFGHIJKLMNOPQRSTUV_{t+1}|ABCDEFGHIJKLMNOPQRSTUV_{t} | B3: [[["S"], ["∅"]], [["A", "B", "C", "D", "E", "F", "G", "H", "I", "J", "K", "L", "M", "N", "O", "P", "Q", "R", "T", "U", "V"], ["a", "b", "c", "d", "e", "f", "g", "h", "i", "j", "k", "l", "m", "n", "o", "p", "q", "r", "s", "t", "u", "v"]]] | C3: 0.4996 | D3: 73.5208
A4: ABCDEFGHIKLMOPQRSTU_{t+1}|ABCDEFGHIJKLMNOQS_{t} | B4: [[["M"], ["∅"]], [["A", "B", "C", "D", "E", "F", "G", "H", "I", "K", "L", "O", "P", "Q", "R", "S", "T", "U"], ["a", "b", "c", "d", "e", "f", "g", "h", "i", "j", "k", "l", "m", "n", "o", "s"]]] | C4: 0.031066656 | D4: 42.601956
A5: BCDEFGHIJKLMNOPQRSTU_{t+1}|BCDEFGHIJKLMNOPQRS_{t} | B5: [[["B"], ["∅"]], [["C", "D", "E", "F", "G", "H", "I", "J", "K", "L", "M", "N", "O", "P", "Q", "R", "S", "T", "U"], ["c", "d", "e", "f", "g", "h", "i", "j", "k", "l", "m", "n", "o", "p", "q", "r", "s"]]] | C5: 6.5803528e-05 | D5: 91.065937
A6: ABCDEFGHIPQRS_{t+1}|ABCDEFGJLMU_{t} | B6: [[["R"], ["∅"]], [["A", "B", "C", "D", "E", "F", "G", "H", "I", "P", "Q", "S"], ["a", "b", "c", "d", "e", "f", "g", "m"]]] | C6: 0.0032584667 | D6: 1.3368316
A7: CDFGHIJKLPQRST_{t+1}|DEFGHIKLMNST_{t} | B7: [[["D"], ["∅"]], [["C", "F", "G", "H", "I", "J", "K", "L", "P", "Q", "R", "S", "T"], ["g", "h", "i", "k", "l", "m", "s", "t"]]] | C7: 0.0010728836 | D7: 1.5776553

Sheet 23elementos
A1: Sistema: ABCDEFGHIJKLMNOPQRSTUVW | B1: GeoMIP
A2: Subsistema | B2: Particion5 | C2: Perdida6 | D2: Tiempo ejecución
A3: ABCDEFGHIJKLMNOPQRSTUVW_{t+1}|ABCDEFGHIJKLMNOPQRSTUVW_{t} | B3: [[["P"], ["∅"]], [["A", "B", "C", "D", "E", "F", "G", "H", "I", "J", "K", "L", "M", "N", "O", "Q", "R", "S", "T", "U", "V", "W"], ["a", "b", "c", "d", "e", "f", "g", "h", "i", "j", "k", "l", "m", "n", "o", "p", "q", "r", "s", "t", "u", "v", "w"]]] | C3: 0.007359415 | D3: 63.920472
A4: ABCDEFGHIJKLMNOPQRSTUVW_{t+1}|ABCDEFGHIJKLMNOPQRSTUV_{t} | B4: [[["M"], ["∅"]], [["A", "B", "C", "D", "E", "F", "G", "H", "I", "J", "K", "L", "N", "O", "P", "Q", "R", "S", "T", "U", "V", "W"], ["a", "b", "c", "d", "e", "f", "g", "h", "i", "j", "k", "l", "m", "n", "o", "p", "q", "r", "s", "t", "u", "v"]]] | C4: 0.004646301 | D4: 29.63789
A5: ABCDEFGHIJKLMNOPQRSTUVW_{t+1}|BCDEFGHIJKLMNOPQRSTUVW_{t} | B5: [[["N"], ["∅"]], [["A", "B", "C", "D", "E", "F", "G", "H", "I", "J", "K", "L", "M", "O", "P", "Q", "R", "S", "T", "U", "V", "W"], ["c", "d", "e", "f", "g", "h", "i", "j", "k", "l", "m", "n", "o", "p", "q", "r", "s", "t", "u", "v", "w"]]] | C5: 0.013599545 | D5: 28.617422
A6: ABCDEFGHIJKLMNOPQRSTUV_{t+1}|ABCDEFGHIJKLMNOPQRSTUVW_{t} | B6: [[["P"], ["∅"]], [["A", "B", "C", "D", "E", "F", "G", "H", "I", "J", "K", "L", "M", "N", "O", "Q", "R", "S", "T", "U", "V"], ["a", "b", "c", "d", "e", "f", "g", "h", "i", "j", "k", "l", "m", "n", "o", "p", "q", "r", "s", "t", "u", "v", "w"]]] | C6: 0.007359415 | D6: 63.250309
A7: BCDEFGHIJKLMNOPQRSTUVW_{t+1}|ABCDEFGHIJKLMNOPQRSTUVW_{t} | B7: [[["P"], ["∅"]], [["B", "C", "D", "E", "F", "G", "H", "I", "J", "K", "L", "M", "N", "O", "Q", "R", "S", "T", "U", "V", "W"], ["a", "b", "c", "d", "e", "f", "g", "h", "i", "j", "k", "l", "m", "n", "o", "p", "q", "r", "s", "t", "u", "v", "w"]]] | C7: 0.007359415 | D7: 65.765777
A8: ABCDEFGHIJKLMNOPQRSTUVW_{t+1}|CDEFGHIJKLMNOPQRSTUVW_{t} | B8: [[["G"], ["∅"]], [["A", "B", "C", "D", "E", "F", "H", "I", "J", "K", "L", "M", "N", "O", "P", "Q", "R", "S", "T", "U", "V", "W"], ["e", "f", "g", "h", "i", "j", "k", "l", "m", "n", "o", "p", "q", "r", "s", "t", "u", "v", "w"]]] | C8: 0.012158245 | D8: 13.661029
A9: ABCDEFGHIJKLMNOPQRSTUV_{t+1}|ABCDEFGHIJKLMNPQRSTUV_{t} | B9: [[["M"], ["∅"]], [["A", "B", "C", "D", "E", "F", "G", "H", "I", "J", "K", "L", "N", "O", "P", "Q", "R", "S", "T", "U", "V"], ["a", "b", "c", "d", "e", "f", "g", "h", "i", "j", "k", "l", "m", "n", "q", "r", "s", "t", "u", "v"]]] | C9: 0.004849017 | D9: 13.928103
A10: BCDEFGHIJKLMNOPQRSTUVW_{t+1}|BCDEFGHIJKLMNOPQRSTUVW_{t} | B10: [[["N"], ["∅"]], [["B", "C", "D", "E", "F", "G", "H", "I", "J", "K", "L", "M", "O", "P", "Q", "R", "S", "T", "U", "V", "W"], ["c", "d", "e", "f", "g", "h", "i", "j", "k", "l", "m", "n", "o", "p", "q", "r", "s", "t", "u", "v", "w"]]] | C10: 0.013599545 | D10: 28.421803
A11: BCDEFGHIJKLMNOPQRSTUVW_{t+1}|CDEFGHIJKLMNOPQRSTUVW_{t} | B11: [[["G"], ["∅"]], [["B", "C", "D", "E", "F", "H", "I", "J", "K", "L", "M", "N", "O", "P", "Q", "R", "S", "T", "U", "V", "W"], ["e", "f", "g", "h", "i", "j", "k", "l", "m", "n", "o", "p", "q", "r", "s", "t", "u", "v", "w"]]] | C11: 0.012158245 | D11: 13.963077
